Bài,Tiêu đề,Hán tự,Pinyin,Nghĩa,Ví dụ Hán tự,Ví dụ pinyin,Ví dụ nghĩa
"Bài 1","第一课 你好","你","nǐ","bạn, anh/chị","你好吗？","Nǐ hǎo ma?","Bạn khỏe không?"
"Bài 1","第一课 你好","好","hǎo","tốt; khỏe; dùng để chào","我很好。","Wǒ hěn hǎo.","Tôi rất khỏe/tốt."
"Bài 1","第一课 你好","你好","nǐ hǎo","xin chào","你好！","Nǐ hǎo!","Xin chào!"
"Bài 1","第一课 你好","一","yī","một","这个词是一。","Zhège cí shì yī.","Từ này là '一' (một)."
"Bài 1","第一课 你好","五","wǔ","năm","这个词是五。","Zhège cí shì wǔ.","Từ này là '五' (năm)."
"Bài 1","第一课 你好","八","bā","tám","这个词是八。","Zhège cí shì bā.","Từ này là '八' (tám)."
"Bài 1","第一课 你好","大","dà","to, lớn","这个词是大。","Zhège cí shì dà.","Từ này là '大' (to, lớn)."
"Bài 1","第一课 你好","不","bù","không","我不忙。","Wǒ bù máng.","Tôi không bận."
"Bài 2","第二课 汉语不太难","忙","máng","bận","爸爸很忙。","Bàba hěn máng.","Bố rất bận."
"Bài 2","第二课 汉语不太难","吗","ma","trợ từ nghi vấn","你忙吗？","Nǐ máng ma?","Bạn có bận không?"
"Bài 2","第二课 汉语不太难","很","hěn","rất","很好。","Hěn hǎo.","Rất tốt."
"Bài 2","第二课 汉语不太难","汉语","hàn yǔ","tiếng Hán, tiếng Trung","我学习汉语。","Wǒ xuéxí Hànyǔ.","Tôi học tiếng Trung."
"Bài 2","第二课 汉语不太难","难","nán","khó","汉语难吗？","Hànyǔ nán ma?","Tiếng Trung khó không?"
"Bài 2","第二课 汉语不太难","太","tài","quá, lắm","不太难。","Bù tài nán.","Không khó lắm."
"Bài 2","第二课 汉语不太难","爸爸","bàba","bố, ba","爸爸很忙。","Bàba hěn máng.","Bố rất bận."
"Bài 2","第二课 汉语不太难","妈妈","māma","mẹ, má","妈妈很好。","Māma hěn hǎo.","Mẹ rất khỏe."
"Bài 2","第二课 汉语不太难","他","tā","anh ấy, ông ấy","他是老师。","Tā shì lǎoshī.","Anh ấy là giáo viên."
"Bài 2","第二课 汉语不太难","她","tā","cô ấy, bà ấy","她是学生。","Tā shì xuésheng.","Cô ấy là học sinh/sinh viên."
"Bài 2","第二课 汉语不太难","男","nán","nam, con trai","这个词是男。","Zhège cí shì nán.","Từ này là '男' (nam, con trai)."
"Bài 2","第二课 汉语不太难","哥哥","gē gē","anh trai","这个词是哥哥。","Zhège cí shì gē gē.","Từ này là '哥哥' (anh trai)."
"Bài 2","第二课 汉语不太难","弟弟","dì di","em trai","这个词是弟弟。","Zhège cí shì dì di.","Từ này là '弟弟' (em trai)."
"Bài 2","第二课 汉语不太难","妹妹","mèi mèi","em gái","这个词是妹妹。","Zhège cí shì mèi mèi.","Từ này là '妹妹' (em gái)."
"Bài 3","第三课 明天见","学","xué","học","我学汉语。","wǒ xué hàn yǔ.","Ví dụ với 'học'."
"Bài 3","第三课 明天见","英语","yīng yǔ","tiếng Anh","这个词是英语。","Zhège cí shì yīng yǔ.","Từ này là '英语' (tiếng Anh)."
"Bài 3","第三课 明天见","阿拉伯语","ā lā bó yǔ","tiếng Ả Rập","这个词是阿拉伯语。","Zhège cí shì ā lā bó yǔ.","Từ này là '阿拉伯语' (tiếng Ả Rập)."
"Bài 3","第三课 明天见","德语","dé yǔ","tiếng Đức","这个词是德语。","Zhège cí shì dé yǔ.","Từ này là '德语' (tiếng Đức)."
"Bài 3","第三课 明天见","俄语","é yǔ","tiếng Nga","这个词是俄语。","Zhège cí shì é yǔ.","Từ này là '俄语' (tiếng Nga)."
"Bài 3","第三课 明天见","法语","fǎ yǔ","tiếng Pháp","这个词是法语。","Zhège cí shì fǎ yǔ.","Từ này là '法语' (tiếng Pháp)."
"Bài 3","第三课 明天见","韩国语","hán guó yǔ","tiếng Hàn","这个词是韩国语。","Zhège cí shì hán guó yǔ.","Từ này là '韩国语' (tiếng Hàn)."
"Bài 3","第三课 明天见","日语","rì yǔ","tiếng Nhật","这个词是日语。","Zhège cí shì rì yǔ.","Từ này là '日语' (tiếng Nhật)."
"Bài 3","第三课 明天见","西班牙语","xī bān yá yǔ","tiếng Tây Ban Nha","这个词是西班牙语。","Zhège cí shì xī bān yá yǔ.","Từ này là '西班牙语' (tiếng Tây Ban Nha)."
"Bài 3","第三课 明天见","对","duì","đúng, phải","这个词是对。","Zhège cí shì duì.","Từ này là '对' (đúng, phải)."
"Bài 3","第三课 明天见","明天","míng tiān","ngày mai","明天见。","Míngtiān jiàn.","Ngày mai gặp nhé."
"Bài 3","第三课 明天见","见","jiàn","gặp, thấy","明天见。","míng tiān jiàn.","Ví dụ với 'gặp, thấy'."
"Bài 3","第三课 明天见","去","qù","đi","我去邮局。","wǒ qù yóu jú.","Ví dụ với 'đi'."
"Bài 3","第三课 明天见","邮局","yóu jú","bưu điện","这个词是邮局。","Zhège cí shì yóu jú.","Từ này là '邮局' (bưu điện)."
"Bài 3","第三课 明天见","寄","jì","gửi","我寄信。","wǒ jì xìn.","Ví dụ với 'gửi'."
"Bài 3","第三课 明天见","信","xìn","thư","这个词是信。","Zhège cí shì xìn.","Từ này là '信' (thư)."
"Bài 3","第三课 明天见","银行","yín háng","ngân hàng","这个词是银行。","Zhège cí shì yín háng.","Từ này là '银行' (ngân hàng)."
"Bài 3","第三课 明天见","取","qǔ","lấy, rút","我取钱。","wǒ qǔ qián.","Ví dụ với 'lấy, rút'."
"Bài 3","第三课 明天见","钱","qián","tiền","这个词是钱。","Zhège cí shì qián.","Từ này là '钱' (tiền)."
"Bài 3","第三课 明天见","六","liù","sáu","这个词是六。","Zhège cí shì liù.","Từ này là '六' (sáu)."
"Bài 3","第三课 明天见","七","qī","bảy","这个词是七。","Zhège cí shì qī.","Từ này là '七' (bảy)."
"Bài 3","第三课 明天见","九","jiǔ","chín","这个词是九。","Zhège cí shì jiǔ.","Từ này là '九' (chín)."
"Bài 3","第三课 明天见","北京","běi jīng","Bắc Kinh","这个词是北京。","Zhège cí shì běi jīng.","Từ này là '北京' (Bắc Kinh)."
"Bài 4","第四课 你去哪儿","今天","jīn tiān","hôm nay","这个词是今天。","Zhège cí shì jīn tiān.","Từ này là '今天' (hôm nay)."
"Bài 4","第四课 你去哪儿","天","tiān","ngày; trời","这个词是天。","Zhège cí shì tiān.","Từ này là '天' (ngày; trời)."
"Bài 4","第四课 你去哪儿","昨天","zuó tiān","hôm qua","这个词是昨天。","Zhège cí shì zuó tiān.","Từ này là '昨天' (hôm qua)."
"Bài 4","第四课 你去哪儿","星期","xīng qī","tuần; thứ","这个词是星期。","Zhège cí shì xīng qī.","Từ này là '星期' (tuần; thứ)."
"Bài 4","第四课 你去哪儿","星期一","xīng qī yī","thứ hai","这个词是星期一。","Zhège cí shì xīng qī yī.","Từ này là '星期一' (thứ hai)."
"Bài 4","第四课 你去哪儿","星期二","xīng qī èr","thứ ba","这个词是星期二。","Zhège cí shì xīng qī èr.","Từ này là '星期二' (thứ ba)."
"Bài 4","第四课 你去哪儿","星期三","xīng qī sān","thứ tư","这个词是星期三。","Zhège cí shì xīng qī sān.","Từ này là '星期三' (thứ tư)."
"Bài 4","第四课 你去哪儿","星期四","xīng qī sì","thứ năm","这个词是星期四。","Zhège cí shì xīng qī sì.","Từ này là '星期四' (thứ năm)."
"Bài 4","第四课 你去哪儿","星期五","xīng qī wǔ","thứ sáu","这个词是星期五。","Zhège cí shì xīng qī wǔ.","Từ này là '星期五' (thứ sáu)."
"Bài 4","第四课 你去哪儿","星期六","xīng qī liù","thứ bảy","这个词是星期六。","Zhège cí shì xīng qī liù.","Từ này là '星期六' (thứ bảy)."
"Bài 4","第四课 你去哪儿","星期天","xīng qī tiān","chủ nhật","这个词是星期天。","Zhège cí shì xīng qī tiān.","Từ này là '星期天' (chủ nhật)."
"Bài 4","第四课 你去哪儿","几","jǐ","mấy, bao nhiêu","这个词是几。","Zhège cí shì jǐ.","Từ này là '几' (mấy, bao nhiêu)."
"Bài 4","第四课 你去哪儿","二","èr","hai","这个词是二。","Zhège cí shì èr.","Từ này là '二' (hai)."
"Bài 4","第四课 你去哪儿","四","sì","bốn","这个词是四。","Zhège cí shì sì.","Từ này là '四' (bốn)."
"Bài 4","第四课 你去哪儿","哪儿","nǎr","ở đâu, đâu","这个词是哪儿。","Zhège cí shì nǎr.","Từ này là '哪儿' (ở đâu, đâu)."
"Bài 4","第四课 你去哪儿","那儿","nàr","ở kia, chỗ kia","这个词是那儿。","Zhège cí shì nàr.","Từ này là '那儿' (ở kia, chỗ kia)."
"Bài 4","第四课 你去哪儿","我","wǒ","tôi","这个词是我。","Zhège cí shì wǒ.","Từ này là '我' (tôi)."
"Bài 4","第四课 你去哪儿","回","huí","về, quay lại","我回学校。","wǒ huí xué xiào.","Ví dụ với 'về, quay lại'."
"Bài 4","第四课 你去哪儿","学校","xué xiào","trường học","我回学校。","Wǒ huí xuéxiào.","Tôi về trường."
"Bài 4","第四课 你去哪儿","再见","zài jiàn","tạm biệt","这个词是再见。","Zhège cí shì zài jiàn.","Từ này là '再见' (tạm biệt)."
"Bài 4","第四课 你去哪儿","对不起","duì bù qǐ","xin lỗi","这个词是对不起。","Zhège cí shì duì bù qǐ.","Từ này là '对不起' (xin lỗi)."
"Bài 4","第四课 你去哪儿","没关系","méi guān xì","không sao","这个词是没关系。","Zhège cí shì méi guān xì.","Từ này là '没关系' (không sao)."
"Bài 4","第四课 你去哪儿","天安门","tiān ān mén","Thiên An Môn","这个词是天安门。","Zhège cí shì tiān ān mén.","Từ này là '天安门' (Thiên An Môn)."
"Bài 5","第五课 这是王老师","这","zhè","này, đây","这个词是这。","Zhège cí shì zhè.","Từ này là '这' (này, đây)."
"Bài 5","第五课 这是王老师","是","shì","là, phải","这个词是是。","Zhège cí shì shì.","Từ này là '是' (là, phải)."
"Bài 5","第五课 这是王老师","老师","lǎo shī","thầy/cô giáo","这是王老师。","Zhè shì Wáng lǎoshī.","Đây là thầy/cô Vương."
"Bài 5","第五课 这是王老师","您","nín","ngài, ông/bà, anh/chị","这个词是您。","Zhège cí shì nín.","Từ này là '您' (ngài, ông/bà, anh/chị)."
"Bài 5","第五课 这是王老师","请","qǐng","mời; xin","请进。","qǐng jìn.","Ví dụ với 'mời; xin'."
"Bài 5","第五课 这是王老师","进","jìn","vào","请进。","qǐng jìn.","Ví dụ với 'vào'."
"Bài 5","第五课 这是王老师","坐","zuò","ngồi","请坐。","qǐng zuò.","Ví dụ với 'ngồi'."
"Bài 5","第五课 这是王老师","喝","hē","uống","我喝茶。","wǒ hē chá.","Ví dụ với 'uống'."
"Bài 5","第五课 这是王老师","茶","chá","trà","这个词是茶。","Zhège cí shì chá.","Từ này là '茶' (trà)."
"Bài 5","第五课 这是王老师","谢谢","xiè xiè","cảm ơn","谢谢你。","xiè xiè nǐ.","Ví dụ với 'cảm ơn'."
"Bài 5","第五课 这是王老师","不客气","bú kè qì","đừng khách sáo, không có gì","这个词是不客气。","Zhège cí shì bú kè qì.","Từ này là '不客气' (đừng khách sáo, không có gì)."
"Bài 5","第五课 这是王老师","客气","kè qì","khách sáo","这个词是客气。","Zhège cí shì kè qì.","Từ này là '客气' (khách sáo)."
"Bài 5","第五课 这是王老师","工作","gōng zuò","công việc; làm việc","他在医院工作。","tā zài yī yuàn gōng zuò.","Ví dụ với 'công việc; làm việc'."
"Bài 5","第五课 这是王老师","身体","shēn tǐ","sức khỏe, thân thể","这个词是身体。","Zhège cí shì shēn tǐ.","Từ này là '身体' (sức khỏe, thân thể)."
"Bài 5","第五课 这是王老师","十","shí","mười","这个词是十。","Zhège cí shì shí.","Từ này là '十' (mười)."
"Bài 5","第五课 这是王老师","日","rì","ngày","这个词是日。","Zhège cí shì rì.","Từ này là '日' (ngày)."
"Bài 6","第六课 我学习汉语","请问","qǐng wèn","xin hỏi","这个词是请问。","Zhège cí shì qǐng wèn.","Từ này là '请问' (xin hỏi)."
"Bài 6","第六课 我学习汉语","问","wèn","hỏi","我问老师。","wǒ wèn lǎo shī.","Ví dụ với 'hỏi'."
"Bài 6","第六课 我学习汉语","贵姓","guì xìng","quý danh, họ của ngài là gì","这个词是贵姓。","Zhège cí shì guì xìng.","Từ này là '贵姓' (quý danh, họ của ngài là gì)."
"Bài 6","第六课 我学习汉语","姓","xìng","họ; mang họ","这个词是姓。","Zhège cí shì xìng.","Từ này là '姓' (họ; mang họ)."
"Bài 6","第六课 我学习汉语","叫","jiào","gọi; tên là","我叫麦克。","wǒ jiào mài kè.","Ví dụ với 'gọi; tên là'."
"Bài 6","第六课 我学习汉语","名字","míng zì","tên","这个词是名字。","Zhège cí shì míng zì.","Từ này là '名字' (tên)."
"Bài 6","第六课 我学习汉语","哪","nǎ","nào","这个词是哪。","Zhège cí shì nǎ.","Từ này là '哪' (nào)."
"Bài 6","第六课 我学习汉语","国","guó","nước, quốc gia","这个词是国。","Zhège cí shì guó.","Từ này là '国' (nước, quốc gia)."
"Bài 6","第六课 我学习汉语","中国","zhōng guó","Trung Quốc","这个词是中国。","Zhège cí shì zhōng guó.","Từ này là '中国' (Trung Quốc)."
"Bài 6","第六课 我学习汉语","德国","dé guó","nước Đức","这个词是德国。","Zhège cí shì dé guó.","Từ này là '德国' (nước Đức)."
"Bài 6","第六课 我学习汉语","俄国","é guó","nước Nga","这个词是俄国。","Zhège cí shì é guó.","Từ này là '俄国' (nước Nga)."
"Bài 6","第六课 我学习汉语","法国","fǎ guó","nước Pháp","这个词是法国。","Zhège cí shì fǎ guó.","Từ này là '法国' (nước Pháp)."
"Bài 6","第六课 我学习汉语","韩国","hán guó","Hàn Quốc","这个词是韩国。","Zhège cí shì hán guó.","Từ này là '韩国' (Hàn Quốc)."
"Bài 6","第六课 我学习汉语","美国","měi guó","nước Mỹ","这个词是美国。","Zhège cí shì měi guó.","Từ này là '美国' (nước Mỹ)."
"Bài 6","第六课 我学习汉语","日本","rì běn","Nhật Bản","这个词是日本。","Zhège cí shì rì běn.","Từ này là '日本' (Nhật Bản)."
"Bài 6","第六课 我学习汉语","英国","yīng guó","nước Anh","这个词是英国。","Zhège cí shì yīng guó.","Từ này là '英国' (nước Anh)."
"Bài 6","第六课 我学习汉语","人","rén","người","这个词是人。","Zhège cí shì rén.","Từ này là '人' (người)."
"Bài 6","第六课 我学习汉语","学习","xué xí","học tập","我学习汉语。","Wǒ xuéxí Hànyǔ.","Tôi học tiếng Trung."
"Bài 6","第六课 我学习汉语","汉字","hàn zì","chữ Hán","这个词是汉字。","Zhège cí shì hàn zì.","Từ này là '汉字' (chữ Hán)."
"Bài 6","第六课 我学习汉语","发音","fā yīn","phát âm","他的发音很好。","tā de fā yīn hěn hǎo.","Ví dụ với 'phát âm'."
"Bài 6","第六课 我学习汉语","什么","shén me","gì, cái gì","这个词是什么。","Zhège cí shì shén me.","Từ này là '什么' (gì, cái gì)."
"Bài 6","第六课 我学习汉语","书","shū","sách","这个词是书。","Zhège cí shì shū.","Từ này là '书' (sách)."
"Bài 6","第六课 我学习汉语","谁","shuí","ai","这个词是谁。","Zhège cí shì shuí.","Từ này là '谁' (ai)."
"Bài 6","第六课 我学习汉语","的","de","trợ từ sở hữu","这个词是的。","Zhège cí shì de.","Từ này là '的' (trợ từ sở hữu)."
"Bài 6","第六课 我学习汉语","那","nà","kia, ấy","这个词是那。","Zhège cí shì nà.","Từ này là '那' (kia, ấy)."
"Bài 6","第六课 我学习汉语","杂志","zá zhì","tạp chí","这个词是杂志。","Zhège cí shì zá zhì.","Từ này là '杂志' (tạp chí)."
"Bài 6","第六课 我学习汉语","中文","zhōng wén","tiếng Trung; Trung văn","这个词是中文。","Zhège cí shì zhōng wén.","Từ này là '中文' (tiếng Trung; Trung văn)."
"Bài 6","第六课 我学习汉语","阿拉伯文","ā lā bó wén","tiếng Ả Rập viết","这个词是阿拉伯文。","Zhège cí shì ā lā bó wén.","Từ này là '阿拉伯文' (tiếng Ả Rập viết)."
"Bài 6","第六课 我学习汉语","德文","dé wén","tiếng Đức viết","这个词是德文。","Zhège cí shì dé wén.","Từ này là '德文' (tiếng Đức viết)."
"Bài 6","第六课 我学习汉语","俄文","é wén","tiếng Nga viết","这个词是俄文。","Zhège cí shì é wén.","Từ này là '俄文' (tiếng Nga viết)."
"Bài 6","第六课 我学习汉语","法文","fǎ wén","tiếng Pháp viết","这个词是法文。","Zhège cí shì fǎ wén.","Từ này là '法文' (tiếng Pháp viết)."
"Bài 6","第六课 我学习汉语","韩文","hán wén","tiếng Hàn viết","这个词是韩文。","Zhège cí shì hán wén.","Từ này là '韩文' (tiếng Hàn viết)."
"Bài 6","第六课 我学习汉语","日文","rì wén","tiếng Nhật viết","这个词是日文。","Zhège cí shì rì wén.","Từ này là '日文' (tiếng Nhật viết)."
"Bài 6","第六课 我学习汉语","西班牙文","xī bān yá wén","tiếng Tây Ban Nha viết","这个词是西班牙文。","Zhège cí shì xī bān yá wén.","Từ này là '西班牙文' (tiếng Tây Ban Nha viết)."
"Bài 6","第六课 我学习汉语","英文","yīng wén","tiếng Anh viết","这个词是英文。","Zhège cí shì yīng wén.","Từ này là '英文' (tiếng Anh viết)."
"Bài 6","第六课 我学习汉语","朋友","péng yǒu","bạn bè","这个词是朋友。","Zhège cí shì péng yǒu.","Từ này là '朋友' (bạn bè)."
"Bài 6","第六课 我学习汉语","麦克","mài kè","Mike","这个词是麦克。","Zhège cí shì mài kè.","Từ này là '麦克' (Mike)."
"Bài 6","第六课 我学习汉语","张东","zhāng dōng","Trương Đông","这个词是张东。","Zhège cí shì zhāng dōng.","Từ này là '张东' (Trương Đông)."
"Bài 7","第七课 你吃什么","中午","zhōng wǔ","buổi trưa","这个词是中午。","Zhège cí shì zhōng wǔ.","Từ này là '中午' (buổi trưa)."
"Bài 7","第七课 你吃什么","吃","chī","ăn","你吃什么？","Nǐ chī shénme?","Bạn ăn gì?"
"Bài 7","第七课 你吃什么","饭","fàn","cơm, bữa ăn","这个词是饭。","Zhège cí shì fàn.","Từ này là '饭' (cơm, bữa ăn)."
"Bài 7","第七课 你吃什么","食堂","shí táng","nhà ăn","这个词是食堂。","Zhège cí shì shí táng.","Từ này là '食堂' (nhà ăn)."
"Bài 7","第七课 你吃什么","馒头","mán tou","bánh bao không nhân","这个词是馒头。","Zhège cí shì mán tou.","Từ này là '馒头' (bánh bao không nhân)."
"Bài 7","第七课 你吃什么","米饭","mǐ fàn","cơm","这个词是米饭。","Zhège cí shì mǐ fàn.","Từ này là '米饭' (cơm)."
"Bài 7","第七课 你吃什么","要","yào","muốn, cần","我要一碗汤。","wǒ yào yī wǎn tāng.","Ví dụ với 'muốn, cần'."
"Bài 7","第七课 你吃什么","个","ge","lượng từ chung","这个词是个。","Zhège cí shì ge.","Từ này là '个' (lượng từ chung)."
"Bài 7","第七课 你吃什么","碗","wǎn","bát","这个词是碗。","Zhège cí shì wǎn.","Từ này là '碗' (bát)."
"Bài 7","第七课 你吃什么","鸡蛋","jī dàn","trứng gà","这个词是鸡蛋。","Zhège cí shì jī dàn.","Từ này là '鸡蛋' (trứng gà)."
"Bài 7","第七课 你吃什么","蛋","dàn","trứng","这个词是蛋。","Zhège cí shì dàn.","Từ này là '蛋' (trứng)."
"Bài 7","第七课 你吃什么","汤","tāng","canh, súp","这个词是汤。","Zhège cí shì tāng.","Từ này là '汤' (canh, súp)."
"Bài 7","第七课 你吃什么","啤酒","pí jiǔ","bia","这个词是啤酒。","Zhège cí shì pí jiǔ.","Từ này là '啤酒' (bia)."
"Bài 7","第七课 你吃什么","这些","zhè xiē","những cái này","这个词是这些。","Zhège cí shì zhè xiē.","Từ này là '这些' (những cái này)."
"Bài 7","第七课 你吃什么","一些","yī xiē","một vài, một ít","这个词是一些。","Zhège cí shì yī xiē.","Từ này là '一些' (một vài, một ít)."
"Bài 7","第七课 你吃什么","那些","nà xiē","những cái kia","这个词是那些。","Zhège cí shì nà xiē.","Từ này là '那些' (những cái kia)."
"Bài 7","第七课 你吃什么","饺子","jiǎo zi","sủi cảo","这个词是饺子。","Zhège cí shì jiǎo zi.","Từ này là '饺子' (sủi cảo)."
"Bài 7","第七课 你吃什么","包子","bāo zi","bánh bao","这个词是包子。","Zhège cí shì bāo zi.","Từ này là '包子' (bánh bao)."
"Bài 7","第七课 你吃什么","面条","miàn tiáo","mì sợi","这个词是面条。","Zhège cí shì miàn tiáo.","Từ này là '面条' (mì sợi)."
"Bài 7","第七课 你吃什么","玛丽","mǎ lì","Mary","这个词是玛丽。","Zhège cí shì mǎ lì.","Từ này là '玛丽' (Mary)."
"Bài 8","第八课 苹果一斤多少钱","买","mǎi","mua","我买苹果。","Wǒ mǎi píngguǒ.","Tôi mua táo."
"Bài 8","第八课 苹果一斤多少钱","水果","shuǐ guǒ","hoa quả","这个词是水果。","Zhège cí shì shuǐ guǒ.","Từ này là '水果' (hoa quả)."
"Bài 8","第八课 苹果一斤多少钱","苹果","píng guǒ","táo","这个词是苹果。","Zhège cí shì píng guǒ.","Từ này là '苹果' (táo)."
"Bài 8","第八课 苹果一斤多少钱","斤","jīn","cân, nửa kilogram","这个词是斤。","Zhège cí shì jīn.","Từ này là '斤' (cân, nửa kilogram)."
"Bài 8","第八课 苹果一斤多少钱","公斤","gōng jīn","kilogram","这个词是公斤。","Zhège cí shì gōng jīn.","Từ này là '公斤' (kilogram)."
"Bài 8","第八课 苹果一斤多少钱","贵","guì","đắt","这个词是贵。","Zhège cí shì guì.","Từ này là '贵' (đắt)."
"Bài 8","第八课 苹果一斤多少钱","了","le","trợ từ; rồi","这个词是了。","Zhège cí shì le.","Từ này là '了' (trợ từ; rồi)."
"Bài 8","第八课 苹果一斤多少钱","吧","ba","trợ từ ngữ khí","这个词是吧。","Zhège cí shì ba.","Từ này là '吧' (trợ từ ngữ khí)."
"Bài 8","第八课 苹果一斤多少钱","多少","duō shǎo","bao nhiêu","这个词是多少。","Zhège cí shì duō shǎo.","Từ này là '多少' (bao nhiêu)."
"Bài 8","第八课 苹果一斤多少钱","块","kuài","đồng; miếng","这个词是块。","Zhège cí shì kuài.","Từ này là '块' (đồng; miếng)."
"Bài 8","第八课 苹果一斤多少钱","角","jiǎo","hào","这个词是角。","Zhège cí shì jiǎo.","Từ này là '角' (hào)."
"Bài 8","第八课 苹果一斤多少钱","还","hái","còn, vẫn","这个词是还。","Zhège cí shì hái.","Từ này là '还' (còn, vẫn)."
"Bài 8","第八课 苹果一斤多少钱","别的","bié de","cái khác","这个词是别的。","Zhège cí shì bié de.","Từ này là '别的' (cái khác)."
"Bài 8","第八课 苹果一斤多少钱","橘子","jú zi","quýt","这个词是橘子。","Zhège cí shì jú zi.","Từ này là '橘子' (quýt)."
"Bài 8","第八课 苹果一斤多少钱","怎么","zěn me","thế nào, sao","这个词是怎么。","Zhège cí shì zěn me.","Từ này là '怎么' (thế nào, sao)."
"Bài 8","第八课 苹果一斤多少钱","卖","mài","bán","苹果怎么卖？","píng guǒ zěn me mài","Ví dụ với 'bán'."
"Bài 8","第八课 苹果一斤多少钱","两","liǎng","hai","这个词是两。","Zhège cí shì liǎng.","Từ này là '两' (hai)."
"Bài 8","第八课 苹果一斤多少钱","一共","yī gòng","tổng cộng","这个词是一共。","Zhège cí shì yī gòng.","Từ này là '一共' (tổng cộng)."
"Bài 8","第八课 苹果一斤多少钱","给","gěi","đưa, cho","我给你钱。","wǒ gěi nǐ qián.","Ví dụ với 'đưa, cho'."
"Bài 8","第八课 苹果一斤多少钱","找","zhǎo","trả lại tiền thừa; tìm","找您三块。","zhǎo nín sān kuài.","Ví dụ với 'trả lại tiền thừa; tìm'."
"Bài 9","第九课 我换人民币","下午","xià wǔ","buổi chiều","这个词是下午。","Zhège cí shì xià wǔ.","Từ này là '下午' (buổi chiều)."
"Bài 9","第九课 我换人民币","上午","shàng wǔ","buổi sáng","这个词是上午。","Zhège cí shì shàng wǔ.","Từ này là '上午' (buổi sáng)."
"Bài 9","第九课 我换人民币","图书馆","tú shū guǎn","thư viện","这个词是图书馆。","Zhège cí shì tú shū guǎn.","Từ này là '图书馆' (thư viện)."
"Bài 9","第九课 我换人民币","换","huàn","đổi","我换人民币。","Wǒ huàn Rénmínbì.","Tôi đổi nhân dân tệ."
"Bài 9","第九课 我换人民币","小姐","xiǎo jiě","cô, tiểu thư","这个词是小姐。","Zhège cí shì xiǎo jiě.","Từ này là '小姐' (cô, tiểu thư)."
"Bài 9","第九课 我换人民币","营业员","yíng yè yuán","nhân viên bán hàng/giao dịch","这个词是营业员。","Zhège cí shì yíng yè yuán.","Từ này là '营业员' (nhân viên bán hàng/giao dịch)."
"Bài 9","第九课 我换人民币","人民币","rén mín bì","nhân dân tệ","这个词是人民币。","Zhège cí shì rén mín bì.","Từ này là '人民币' (nhân dân tệ)."
"Bài 9","第九课 我换人民币","人民","rén mín","nhân dân","这个词是人民。","Zhège cí shì rén mín.","Từ này là '人民' (nhân dân)."
"Bài 9","第九课 我换人民币","百","bǎi","trăm","这个词是百。","Zhège cí shì bǎi.","Từ này là '百' (trăm)."
"Bài 9","第九课 我换人民币","美元","měi yuán","đô la Mỹ","这个词是美元。","Zhège cí shì měi yuán.","Từ này là '美元' (đô la Mỹ)."
"Bài 9","第九课 我换人民币","日元","rì yuán","yên Nhật","这个词是日元。","Zhège cí shì rì yuán.","Từ này là '日元' (yên Nhật)."
"Bài 9","第九课 我换人民币","欧元","ōu yuán","euro","这个词是欧元。","Zhège cí shì ōu yuán.","Từ này là '欧元' (euro)."
"Bài 9","第九课 我换人民币","等","děng","đợi","请等一会儿。","qǐng děng yī huì er.","Ví dụ với 'đợi'."
"Bài 9","第九课 我换人民币","一会儿","yíhuìr","một lát","这个词是一会儿。","Zhège cí shì yíhuìr.","Từ này là '一会儿' (một lát)."
"Bài 9","第九课 我换人民币","先生","xiān shēng","ông, ngài","这个词是先生。","Zhège cí shì xiān shēng.","Từ này là '先生' (ông, ngài)."
"Bài 9","第九课 我换人民币","数","shù","đếm","请数数。","qǐng shǔ shù.","Ví dụ với 'đếm'."
"Bài 10","第十课 他住哪儿","办公室","bàn gōng shì","văn phòng","这个词是办公室。","Zhège cí shì bàn gōng shì.","Từ này là '办公室' (văn phòng)."
"Bài 10","第十课 他住哪儿","办公","bàn gōng","làm việc văn phòng","他在办公室办公。","tā zài bàn gōng shì bàn gōng.","Ví dụ với 'làm việc văn phòng'."
"Bài 10","第十课 他住哪儿","职员","zhí yuán","nhân viên","这个词是职员。","Zhège cí shì zhí yuán.","Từ này là '职员' (nhân viên)."
"Bài 10","第十课 他住哪儿","在","zài","ở, tại","这个词是在。","Zhège cí shì zài.","Từ này là '在' (ở, tại)."
"Bài 10","第十课 他住哪儿","家","jiā","nhà; gia đình","这个词是家。","Zhège cí shì jiā.","Từ này là '家' (nhà; gia đình)."
"Bài 10","第十课 他住哪儿","呢","ne","trợ từ ngữ khí","这个词是呢。","Zhège cí shì ne.","Từ này là '呢' (trợ từ ngữ khí)."
"Bài 10","第十课 他住哪儿","住","zhù","ở, sống","他住哪儿？","Tā zhù nǎr?","Anh ấy sống ở đâu?"
"Bài 10","第十课 他住哪儿","楼","lóu","tòa nhà; tầng","这个词是楼。","Zhège cí shì lóu.","Từ này là '楼' (tòa nhà; tầng)."
"Bài 10","第十课 他住哪儿","门","mén","cửa","这个词是门。","Zhège cí shì mén.","Từ này là '门' (cửa)."
"Bài 10","第十课 他住哪儿","房间","fáng jiān","phòng","这个词是房间。","Zhège cí shì fáng jiān.","Từ này là '房间' (phòng)."
"Bài 10","第十课 他住哪儿","号","hào","số, hiệu","这个词是号。","Zhège cí shì hào.","Từ này là '号' (số, hiệu)."
"Bài 10","第十课 他住哪儿","知道","zhī dào","biết","我知道他的电话。","wǒ zhī dào tā de diàn huà.","Ví dụ với 'biết'."
"Bài 10","第十课 他住哪儿","电话","diàn huà","điện thoại","这个词是电话。","Zhège cí shì diàn huà.","Từ này là '电话' (điện thoại)."
"Bài 10","第十课 他住哪儿","号码","hào mǎ","số hiệu, số điện thoại","这个词是号码。","Zhège cí shì hào mǎ.","Từ này là '号码' (số hiệu, số điện thoại)."
"Bài 10","第十课 他住哪儿","零","líng","số không","这个词是零。","Zhège cí shì líng.","Từ này là '零' (số không)."
"Bài 10","第十课 他住哪儿","手机","shǒu jī","điện thoại di động","这个词是手机。","Zhège cí shì shǒu jī.","Từ này là '手机' (điện thoại di động)."
"Bài 10","第十课 他住哪儿","李昌浩","lǐ chāng hào","Lý Xương Hạo","这个词是李昌浩。","Zhège cí shì lǐ chāng hào.","Từ này là '李昌浩' (Lý Xương Hạo)."
"Bài 11","第十一课 我们都是留学生","秘书","mì shū","thư ký","这个词是秘书。","Zhège cí shì mì shū.","Từ này là '秘书' (thư ký)."
"Bài 11","第十一课 我们都是留学生","先","xiān","trước, trước tiên","这个词是先。","Zhège cí shì xiān.","Từ này là '先' (trước, trước tiên)."
"Bài 11","第十一课 我们都是留学生","介绍","jiè shào","giới thiệu","我介绍一下儿。","Wǒ jièshào yíxiàr.","Tôi giới thiệu một chút."
"Bài 11","第十一课 我们都是留学生","一下儿","yíxiàr","một chút, một lát","这个词是一下儿。","Zhège cí shì yíxiàr.","Từ này là '一下儿' (một chút, một lát)."
"Bài 11","第十一课 我们都是留学生","位","wèi","lượng từ chỉ người","这个词是位。","Zhège cí shì wèi.","Từ này là '位' (lượng từ chỉ người)."
"Bài 11","第十一课 我们都是留学生","教授","jiào shòu","giáo sư","这个词是教授。","Zhège cí shì jiào shòu.","Từ này là '教授' (giáo sư)."
"Bài 11","第十一课 我们都是留学生","校长","xiào zhǎng","hiệu trưởng","这个词是校长。","Zhège cí shì xiào zhǎng.","Từ này là '校长' (hiệu trưởng)."
"Bài 11","第十一课 我们都是留学生","欢迎","huān yíng","hoan nghênh","欢迎你。","huān yíng nǐ.","Ví dụ với 'hoan nghênh'."
"Bài 11","第十一课 我们都是留学生","留学生","liú xué shēng","lưu học sinh, du học sinh","这个词是留学生。","Zhège cí shì liú xué shēng.","Từ này là '留学生' (lưu học sinh, du học sinh)."
"Bài 11","第十一课 我们都是留学生","留学","liú xué","du học","这个词是留学。","Zhège cí shì liú xué.","Từ này là '留学' (du học)."
"Bài 11","第十一课 我们都是留学生","也","yě","cũng","这个词是也。","Zhège cí shì yě.","Từ này là '也' (cũng)."
"Bài 11","第十一课 我们都是留学生","我们","wǒ men","chúng tôi, chúng ta","这个词是我们。","Zhège cí shì wǒ men.","Từ này là '我们' (chúng tôi, chúng ta)."
"Bài 11","第十一课 我们都是留学生","你们","nǐ men","các bạn, các anh/chị","这个词是你们。","Zhège cí shì nǐ men.","Từ này là '你们' (các bạn, các anh/chị)."
"Bài 11","第十一课 我们都是留学生","他们","tā men","họ, bọn họ","这个词是他们。","Zhège cí shì tā men.","Từ này là '他们' (họ, bọn họ)."
"Bài 11","第十一课 我们都是留学生","都","dōu","đều","这个词是都。","Zhège cí shì dōu.","Từ này là '都' (đều)."
"Bài 11","第十一课 我们都是留学生","和","hé","và, với","这个词是和。","Zhège cí shì hé.","Từ này là '和' (và, với)."
"Bài 11","第十一课 我们都是留学生","俩","liǎ","hai người","这个词是俩。","Zhège cí shì liǎ.","Từ này là '俩' (hai người)."
"Bài 11","第十一课 我们都是留学生","学生","xué shēng","học sinh, sinh viên","这个词是学生。","Zhège cí shì xué shēng.","Từ này là '学生' (học sinh, sinh viên)."
"Bài 11","第十一课 我们都是留学生","没什么","méi shénme","không có gì, không sao","这个词是没什么。","Zhège cí shì méi shénme.","Từ này là '没什么' (không có gì, không sao)."
"Bài 11","第十一课 我们都是留学生","田芳","tián fāng","Điền Phương","这个词是田芳。","Zhège cí shì tián fāng.","Từ này là '田芳' (Điền Phương)."
"Bài 11","第十一课 我们都是留学生","罗兰","luó lán","Roland","这个词是罗兰。","Zhège cí shì luó lán.","Từ này là '罗兰' (Roland)."
"Bài 11","第十一课 我们都是留学生","爱德华","ài dé huá","Edward","这个词是爱德华。","Zhège cí shì ài dé huá.","Từ này là '爱德华' (Edward)."
"Bài 12","第十二课 你在哪儿学习","语言","yǔ yán","ngôn ngữ","这个词是语言。","Zhège cí shì yǔ yán.","Từ này là '语言' (ngôn ngữ)."
"Bài 12","第十二课 你在哪儿学习","大学","dà xué","đại học","这个词是大学。","Zhège cí shì dà xué.","Từ này là '大学' (đại học)."
"Bài 12","第十二课 你在哪儿学习","怎么样","zěn me yàng","thế nào","这个词是怎么样。","Zhège cí shì zěn me yàng.","Từ này là '怎么样' (thế nào)."
"Bài 12","第十二课 你在哪儿学习","觉得","jué de","cảm thấy, cho rằng","我觉得汉语不太难。","Wǒ juéde Hànyǔ bú tài nán.","Tôi thấy tiếng Trung không khó lắm."
"Bài 12","第十二课 你在哪儿学习","语法","yǔ fǎ","ngữ pháp","这个词是语法。","Zhège cí shì yǔ fǎ.","Từ này là '语法' (ngữ pháp)."
"Bài 12","第十二课 你在哪儿学习","听","tīng","nghe","我听汉语。","wǒ tīng hàn yǔ.","Ví dụ với 'nghe'."
"Bài 12","第十二课 你在哪儿学习","比较","bǐ jiào","tương đối; so sánh","这个词是比较。","Zhège cí shì bǐ jiào.","Từ này là '比较' (tương đối; so sánh)."
"Bài 12","第十二课 你在哪儿学习","容易","róng yì","dễ","这个词是容易。","Zhège cí shì róng yì.","Từ này là '容易' (dễ)."
"Bài 12","第十二课 你在哪儿学习","读","dú","đọc","我读课文。","wǒ dú kè wén.","Ví dụ với 'đọc'."
"Bài 12","第十二课 你在哪儿学习","写","xiě","viết","我写汉字。","wǒ xiě hàn zì.","Ví dụ với 'viết'."
"Bài 12","第十二课 你在哪儿学习","但是","dàn shì","nhưng","这个词是但是。","Zhège cí shì dàn shì.","Từ này là '但是' (nhưng)."
"Bài 12","第十二课 你在哪儿学习","新","xīn","mới","这个词是新。","Zhège cí shì xīn.","Từ này là '新' (mới)."
"Bài 12","第十二课 你在哪儿学习","同学","tóng xué","bạn học","这个词是同学。","Zhège cí shì tóng xué.","Từ này là '同学' (bạn học)."
"Bài 12","第十二课 你在哪儿学习","同屋","tóng wū","bạn cùng phòng","这个词是同屋。","Zhège cí shì tóng wū.","Từ này là '同屋' (bạn cùng phòng)."
"Bài 12","第十二课 你在哪儿学习","班","bān","lớp","这个词是班。","Zhège cí shì bān.","Từ này là '班' (lớp)."
"Bài 12","第十二课 你在哪儿学习","北京语言大学","běi jīng yǔ yán dà xué","Đại học Ngôn ngữ Bắc Kinh","这个词是北京语言大学。","Zhège cí shì běi jīng yǔ yán dà xué.","Từ này là '北京语言大学' (Đại học Ngôn ngữ Bắc Kinh)."
"Bài 12","第十二课 你在哪儿学习","林","lín","họ Lâm","这个词是林。","Zhège cí shì lín.","Từ này là '林' (họ Lâm)."
"Bài 12","第十二课 你在哪儿学习","文学","wén xué","văn học","这个词是文学。","Zhège cí shì wén xué.","Từ này là '文学' (văn học)."
"Bài 12","第十二课 你在哪儿学习","历史","lì shǐ","lịch sử","这个词是历史。","Zhège cí shì lì shǐ.","Từ này là '历史' (lịch sử)."
"Bài 12","第十二课 你在哪儿学习","法律","fǎ lǜ","pháp luật","这个词是法律。","Zhège cí shì fǎ lǜ.","Từ này là '法律' (pháp luật)."
"Bài 12","第十二课 你在哪儿学习","经济","jīng jì","kinh tế","这个词是经济。","Zhège cí shì jīng jì.","Từ này là '经济' (kinh tế)."
"Bài 12","第十二课 你在哪儿学习","认识","rèn shí","quen biết","我认识王老师。","wǒ rèn shí wáng lǎo shī.","Ví dụ với 'quen biết'."
"Bài 12","第十二课 你在哪儿学习","旧","jiù","cũ","这个词是旧。","Zhège cí shì jiù.","Từ này là '旧' (cũ)."
"Bài 12","第十二课 你在哪儿学习","老","lǎo","già; cũ; lâu năm","这个词是老。","Zhège cí shì lǎo.","Từ này là '老' (già; cũ; lâu năm)."
"Bài 13","第十三课 这是不是中药","没","méi","không; chưa","这个词是没。","Zhège cí shì méi.","Từ này là '没' (không; chưa)."
"Bài 13","第十三课 这是不是中药","没有","méi yǒu","không có; chưa có","这个词是没有。","Zhège cí shì méi yǒu.","Từ này là '没有' (không có; chưa có)."
"Bài 13","第十三课 这是不是中药","箱子","xiāng zi","va li, thùng","这个词是箱子。","Zhège cí shì xiāng zi.","Từ này là '箱子' (va li, thùng)."
"Bài 13","第十三课 这是不是中药","这儿","zhèr","ở đây, chỗ này","这个词是这儿。","Zhège cí shì zhèr.","Từ này là '这儿' (ở đây, chỗ này)."
"Bài 13","第十三课 这是不是中药","重","zhòng","nặng","这个词是重。","Zhège cí shì zhòng.","Từ này là '重' (nặng)."
"Bài 13","第十三课 这是不是中药","轻","qīng","nhẹ","这个词是轻。","Zhège cí shì qīng.","Từ này là '轻' (nhẹ)."
"Bài 13","第十三课 这是不是中药","红","hóng","đỏ","这个词是红。","Zhège cí shì hóng.","Từ này là '红' (đỏ)."
"Bài 13","第十三课 这是不是中药","黑","hēi","đen","这个词是黑。","Zhège cí shì hēi.","Từ này là '黑' (đen)."
"Bài 13","第十三课 这是不是中药","药","yào","thuốc","这个词是药。","Zhège cí shì yào.","Từ này là '药' (thuốc)."
"Bài 13","第十三课 这是不是中药","中药","zhōng yào","thuốc Đông y","这是不是中药？","Zhè shì bú shì zhōngyào?","Đây có phải thuốc Đông y không?"
"Bài 13","第十三课 这是不是中药","西药","xī yào","thuốc Tây y","这个词是西药。","Zhège cí shì xī yào.","Từ này là '西药' (thuốc Tây y)."
"Bài 13","第十三课 这是不是中药","茶叶","chá yè","lá trà","这个词是茶叶。","Zhège cí shì chá yè.","Từ này là '茶叶' (lá trà)."
"Bài 13","第十三课 这是不是中药","里","lǐ","trong, bên trong","这个词是里。","Zhège cí shì lǐ.","Từ này là '里' (trong, bên trong)."
"Bài 13","第十三课 这是不是中药","日用品","rì yòng pǐn","đồ dùng hằng ngày","这个词是日用品。","Zhège cí shì rì yòng pǐn.","Từ này là '日用品' (đồ dùng hằng ngày)."
"Bài 13","第十三课 这是不是中药","衣服","yī fú","quần áo","这个词是衣服。","Zhège cí shì yī fú.","Từ này là '衣服' (quần áo)."
"Bài 13","第十三课 这是不是中药","件","jiàn","lượng từ cho quần áo/sự việc","这个词是件。","Zhège cí shì jiàn.","Từ này là '件' (lượng từ cho quần áo/sự việc)."
"Bài 13","第十三课 这是不是中药","把","bǎ","lượng từ cho đồ có tay cầm","这个词是把。","Zhège cí shì bǎ.","Từ này là '把' (lượng từ cho đồ có tay cầm)."
"Bài 13","第十三课 这是不是中药","雨伞","yǔ sǎn","ô, dù","这个词是雨伞。","Zhège cí shì yǔ sǎn.","Từ này là '雨伞' (ô, dù)."
"Bài 13","第十三课 这是不是中药","瓶","píng","chai, lọ","这个词是瓶。","Zhège cí shì píng.","Từ này là '瓶' (chai, lọ)."
"Bài 13","第十三课 这是不是中药","香水","xiāng shuǐ","nước hoa","这个词是香水。","Zhège cí shì xiāng shuǐ.","Từ này là '香水' (nước hoa)."
"Bài 13","第十三课 这是不是中药","支","zhī","lượng từ cho bút/vật thon dài","这个词是支。","Zhège cí shì zhī.","Từ này là '支' (lượng từ cho bút/vật thon dài)."
"Bài 13","第十三课 这是不是中药","笔","bǐ","bút","这个词是笔。","Zhège cí shì bǐ.","Từ này là '笔' (bút)."
"Bài 13","第十三课 这是不是中药","本","běn","quyển; lượng từ cho sách","这个词是本。","Zhège cí shì běn.","Từ này là '本' (quyển; lượng từ cho sách)."
"Bài 13","第十三课 这是不是中药","词典","cí diǎn","từ điển","这个词是词典。","Zhège cí shì cí diǎn.","Từ này là '词典' (từ điển)."
"Bài 13","第十三课 这是不是中药","张","zhāng","lượng từ cho giấy/bản đồ/ảnh","这个词是张。","Zhège cí shì zhāng.","Từ này là '张' (lượng từ cho giấy/bản đồ/ảnh)."
"Bài 13","第十三课 这是不是中药","光盘","guāng pán","đĩa CD","这个词是光盘。","Zhège cí shì guāng pán.","Từ này là '光盘' (đĩa CD)."
"Bài 13","第十三课 这是不是中药","包","bāo","túi, bao","这个词是包。","Zhège cí shì bāo.","Từ này là '包' (túi, bao)."
"Bài 13","第十三课 这是不是中药","圆珠笔","yuán zhū bǐ","bút bi","这个词是圆珠笔。","Zhège cí shì yuán zhū bǐ.","Từ này là '圆珠笔' (bút bi)."
"Bài 13","第十三课 这是不是中药","铅笔","qiān bǐ","bút chì","这个词是铅笔。","Zhège cí shì qiān bǐ.","Từ này là '铅笔' (bút chì)."
"Bài 13","第十三课 这是不是中药","报纸","bào zhǐ","báo","这个词是报纸。","Zhège cí shì bào zhǐ.","Từ này là '报纸' (báo)."
"Bài 13","第十三课 这是不是中药","地图","dì tú","bản đồ","这个词是地图。","Zhège cí shì dì tú.","Từ này là '地图' (bản đồ)."
"Bài 13","第十三课 这是不是中药","椅子","yǐ zi","ghế","这个词是椅子。","Zhège cí shì yǐ zi.","Từ này là '椅子' (ghế)."
"Bài 13","第十三课 这是不是中药","冰淇淋","bīng qí lín","kem","这个词是冰淇淋。","Zhège cí shì bīng qí lín.","Từ này là '冰淇淋' (kem)."
"Bài 13","第十三课 这是不是中药","厕所","cè suǒ","nhà vệ sinh","这个词是厕所。","Zhège cí shì cè suǒ.","Từ này là '厕所' (nhà vệ sinh)."
"Bài 13","第十三课 这是不是中药","洗手间","xǐ shǒu jiān","nhà vệ sinh","这个词是洗手间。","Zhège cí shì xǐ shǒu jiān.","Từ này là '洗手间' (nhà vệ sinh)."
"Bài 14","第十四课 你的车是新的还是旧的","经理","jīng lǐ","giám đốc, quản lý","这个词是经理。","Zhège cí shì jīng lǐ.","Từ này là '经理' (giám đốc, quản lý)."
"Bài 14","第十四课 你的车是新的还是旧的","好久","hǎo jiǔ","lâu rồi","这个词是好久。","Zhège cí shì hǎo jiǔ.","Từ này là '好久' (lâu rồi)."
"Bài 14","第十四课 你的车是新的还是旧的","啊","a","à, a","这个词是啊。","Zhège cí shì a.","Từ này là '啊' (à, a)."
"Bài 14","第十四课 你的车是新的还是旧的","马马虎虎","mǎ mǎ hǔ hǔ","bình thường, tạm được","这个词是马马虎虎。","Zhège cí shì mǎ mǎ hǔ hǔ.","Từ này là '马马虎虎' (bình thường, tạm được)."
"Bài 14","第十四课 你的车是新的还是旧的","最近","zuì jìn","gần đây","这个词是最近。","Zhège cí shì zuì jìn.","Từ này là '最近' (gần đây)."
"Bài 14","第十四课 你的车是新的还是旧的","开学","kāi xué","khai giảng, vào học","这个词是开学。","Zhège cí shì kāi xué.","Từ này là '开学' (khai giảng, vào học)."
"Bài 14","第十四课 你的车是新的还是旧的","有点儿","yǒu diǎnr","hơi, có một chút","这个词是有点儿。","Zhège cí shì yǒu diǎnr.","Từ này là '有点儿' (hơi, có một chút)."
"Bài 14","第十四课 你的车是新的还是旧的","点儿","diǎnr","một chút","这个词是点儿。","Zhège cí shì diǎnr.","Từ này là '点儿' (một chút)."
"Bài 14","第十四课 你的车是新的还是旧的","还是","hái shì","hay là","这个词是还是。","Zhège cí shì hái shì.","Từ này là '还是' (hay là)."
"Bài 14","第十四课 你的车是新的还是旧的","咖啡","kā fēi","cà phê","这个词是咖啡。","Zhège cí shì kā fēi.","Từ này là '咖啡' (cà phê)."
"Bài 14","第十四课 你的车是新的还是旧的","杯","bēi","cốc; ly; lượng từ cho đồ uống","这个词是杯。","Zhège cí shì bēi.","Từ này là '杯' (cốc; ly; lượng từ cho đồ uống)."
"Bài 14","第十四课 你的车是新的还是旧的","车","chē","xe","这个词是车。","Zhège cí shì chē.","Từ này là '车' (xe)."
"Bài 14","第十四课 你的车是新的还是旧的","自行车","zì xíng chē","xe đạp","我的自行车是新的。","Wǒ de zìxíngchē shì xīn de.","Xe đạp của tôi là xe mới."
"Bài 14","第十四课 你的车是新的还是旧的","汽车","qì chē","ô tô","这个词是汽车。","Zhège cí shì qì chē.","Từ này là '汽车' (ô tô)."
"Bài 14","第十四课 你的车是新的还是旧的","摩托车","mó tuō chē","xe máy","这个词是摩托车。","Zhège cí shì mó tuō chē.","Từ này là '摩托车' (xe máy)."
"Bài 14","第十四课 你的车是新的还是旧的","出租车","chū zū chē","taxi","这个词是出租车。","Zhège cí shì chū zū chē.","Từ này là '出租车' (taxi)."
"Bài 14","第十四课 你的车是新的还是旧的","颜色","yán sè","màu sắc","这个词是颜色。","Zhège cí shì yán sè.","Từ này là '颜色' (màu sắc)."
"Bài 14","第十四课 你的车是新的还是旧的","蓝","lán","màu xanh lam","这个词是蓝。","Zhège cí shì lán.","Từ này là '蓝' (màu xanh lam)."
"Bài 14","第十四课 你的车是新的还是旧的","累","lèi","mệt","这个词是累。","Zhège cí shì lèi.","Từ này là '累' (mệt)."
"Bài 14","第十四课 你的车是新的还是旧的","饿","è","đói","这个词是饿。","Zhège cí shì è.","Từ này là '饿' (đói)."
"Bài 14","第十四课 你的车是新的还是旧的","冷","lěng","lạnh","这个词是冷。","Zhège cí shì lěng.","Từ này là '冷' (lạnh)."
"Bài 14","第十四课 你的车是新的还是旧的","渴","kě","khát","这个词是渴。","Zhège cí shì kě.","Từ này là '渴' (khát)."
"Bài 14","第十四课 你的车是新的还是旧的","衬衣","chèn yī","áo sơ mi","这个词是衬衣。","Zhège cí shì chèn yī.","Từ này là '衬衣' (áo sơ mi)."
"Bài 14","第十四课 你的车是新的还是旧的","毛衣","máo yī","áo len","这个词是毛衣。","Zhège cí shì máo yī.","Từ này là '毛衣' (áo len)."
"Bài 14","第十四课 你的车是新的还是旧的","黄","huáng","màu vàng","这个词是黄。","Zhège cí shì huáng.","Từ này là '黄' (màu vàng)."
"Bài 14","第十四课 你的车是新的还是旧的","灰","huī","màu xám","这个词是灰。","Zhège cí shì huī.","Từ này là '灰' (màu xám)."
"Bài 14","第十四课 你的车是新的还是旧的","绿","lǜ","màu xanh lá","这个词是绿。","Zhège cí shì lǜ.","Từ này là '绿' (màu xanh lá)."
"Bài 14","第十四课 你的车是新的还是旧的","照相机","zhào xiàng jī","máy ảnh","这个词是照相机。","Zhège cí shì zhào xiàng jī.","Từ này là '照相机' (máy ảnh)."
"Bài 14","第十四课 你的车是新的还是旧的","忽然","hū rán","bỗng nhiên","这个词是忽然。","Zhège cí shì hū rán.","Từ này là '忽然' (bỗng nhiên)."
"Bài 14","第十四课 你的车是新的还是旧的","看见","kàn jiàn","nhìn thấy","我看见老师。","wǒ kàn jiàn lǎo shī.","Ví dụ với 'nhìn thấy'."
"Bài 14","第十四课 你的车是新的还是旧的","它","tā","nó","这个词是它。","Zhège cí shì tā.","Từ này là '它' (nó)."
"Bài 14","第十四课 你的车是新的还是旧的","送","sòng","tặng; đưa","他送我一本书。","tā sòng wǒ yī běn shū.","Ví dụ với 'tặng; đưa'."
"Bài 14","第十四课 你的车是新的还是旧的","好看","hǎo kàn","đẹp, dễ nhìn","这个词是好看。","Zhège cí shì hǎo kàn.","Từ này là '好看' (đẹp, dễ nhìn)."
"Bài 14","第十四课 你的车是新的还是旧的","好骑","hǎo qí","dễ đi/đạp","这个词是好骑。","Zhège cí shì hǎo qí.","Từ này là '好骑' (dễ đi/đạp)."
"Bài 14","第十四课 你的车是新的还是旧的","每天","měi tiān","mỗi ngày","这个词是每天。","Zhège cí shì měi tiān.","Từ này là '每天' (mỗi ngày)."
"Bài 14","第十四课 你的车是新的还是旧的","来","lái","đến","他来学校。","tā lái xué xiào.","Ví dụ với 'đến'."
"Bài 15","第十五课 你们公司有多少职员","全","quán","toàn bộ, đều","这个词是全。","Zhège cí shì quán.","Từ này là '全' (toàn bộ, đều)."
"Bài 15","第十五课 你们公司有多少职员","照片","zhào piān","ảnh","这个词是照片。","Zhège cí shì zhào piān.","Từ này là '照片' (ảnh)."
"Bài 15","第十五课 你们公司有多少职员","看","kàn","xem, nhìn","我看照片。","wǒ kàn zhào piān.","Ví dụ với 'xem, nhìn'."
"Bài 15","第十五课 你们公司有多少职员","姐姐","jiě jiě","chị gái","这个词是姐姐。","Zhège cí shì jiě jiě.","Từ này là '姐姐' (chị gái)."
"Bài 15","第十五课 你们公司有多少职员","大夫","dà fū","bác sĩ","这个词是大夫。","Zhège cí shì dà fū.","Từ này là '大夫' (bác sĩ)."
"Bài 15","第十五课 你们公司有多少职员","医院","yī yuàn","bệnh viện","这个词是医院。","Zhège cí shì yī yuàn.","Từ này là '医院' (bệnh viện)."
"Bài 15","第十五课 你们公司有多少职员","公司","gōng sī","công ty","你们公司有多少职员？","Nǐmen gōngsī yǒu duōshǎo zhíyuán?","Công ty các bạn có bao nhiêu nhân viên?"
"Bài 15","第十五课 你们公司有多少职员","商店","shāng diàn","cửa hàng","这个词是商店。","Zhège cí shì shāng diàn.","Từ này là '商店' (cửa hàng)."
"Bài 15","第十五课 你们公司有多少职员","律师","lǜ shī","luật sư","这个词是律师。","Zhège cí shì lǜ shī.","Từ này là '律师' (luật sư)."
"Bài 15","第十五课 你们公司有多少职员","外贸","wài mào","ngoại thương","这个词是外贸。","Zhège cí shì wài mào.","Từ này là '外贸' (ngoại thương)."
"Bài 15","第十五课 你们公司有多少职员","大概","dà gài","khoảng, đại khái","这个词是大概。","Zhège cí shì dà gài.","Từ này là '大概' (khoảng, đại khái)."
"Bài 15","第十五课 你们公司有多少职员","多","duō","nhiều; hơn","这个词是多。","Zhège cí shì duō.","Từ này là '多' (nhiều; hơn)."
"Bài 15","第十五课 你们公司有多少职员","外国","wài guó","nước ngoài","这个词是外国。","Zhège cí shì wài guó.","Từ này là '外国' (nước ngoài)."
"Bài 15","第十五课 你们公司有多少职员","只","zhǐ","chỉ","这个词是只。","Zhège cí shì zhǐ.","Từ này là '只' (chỉ)."
"Bài 15","第十五课 你们公司有多少职员","口","kǒu","miệng; khẩu, người trong gia đình","这个词是口。","Zhège cí shì kǒu.","Từ này là '口' (miệng; khẩu, người trong gia đình)."
"Bài 15","第十五课 你们公司有多少职员","有","yǒu","có","我有一本词典。","wǒ yǒu yī běn cí diǎn.","Ví dụ với 'có'."
"Bài 15","第十五课 你们公司有多少职员","女","nǚ","nữ, con gái","这个词是女。","Zhège cí shì nǚ.","Từ này là '女' (nữ, con gái)."
"Bài 15","第十五课 你们公司有多少职员","画报","huà bào","tạp chí ảnh","这个词是画报。","Zhège cí shì huà bào.","Từ này là '画报' (tạp chí ảnh)."
"Bài 15","第十五课 你们公司有多少职员","世界","shì jiè","thế giới","这个词是世界。","Zhège cí shì shì jiè.","Từ này là '世界' (thế giới)."
"Bài 15","第十五课 你们公司有多少职员","数码相机","shù mǎ xiàng jī","máy ảnh kỹ thuật số","这个词是数码相机。","Zhège cí shì shù mǎ xiàng jī.","Từ này là '数码相机' (máy ảnh kỹ thuật số)."
"Bài 15","第十五课 你们公司有多少职员","家务","jiā wù","việc nhà","这个词是家务。","Zhège cí shì jiā wù.","Từ này là '家务' (việc nhà)."
"Bài 15","第十五课 你们公司有多少职员","高兴","gāo xìng","vui, phấn khởi","这个词是高兴。","Zhège cí shì gāo xìng.","Từ này là '高兴' (vui, phấn khởi)."
