Sách,Bài,Tiêu đề,Hán tự,Pinyin,Nghĩa,Ví dụ Hán tự,Ví dụ pinyin,Ví dụ nghĩa
"Hán 2","Bài 16","第十六课 你常去图书馆吗","现在","xiàn zài","bây giờ, hiện nay","我现在去图书馆。","Wǒ xiànzài qù túshūguǎn.","Bây giờ tôi đi thư viện."
"Hán 2","Bài 16","第十六课 你常去图书馆吗","跟","gēn","với, theo","这个词是跟。","Zhège cí shì gēn.","Từ này là '跟' (với, theo)."
"Hán 2","Bài 16","第十六课 你常去图书馆吗","一起","yì qǐ","cùng nhau","这个词是一起。","Zhège cí shì yì qǐ.","Từ này là '一起' (cùng nhau)."
"Hán 2","Bài 16","第十六课 你常去图书馆吗","咱们","zán men","chúng ta","这个词是咱们。","Zhège cí shì zán men.","Từ này là '咱们' (chúng ta)."
"Hán 2","Bài 16","第十六课 你常去图书馆吗","走","zǒu","đi","这个词是走。","Zhège cí shì zǒu.","Từ này là '走' (đi)."
"Hán 2","Bài 16","第十六课 你常去图书馆吗","常常","cháng cháng","thường thường","这个词是常常。","Zhège cí shì cháng cháng.","Từ này là '常常' (thường thường)."
"Hán 2","Bài 16","第十六课 你常去图书馆吗","有时候","yǒu shíhou","có lúc","这个词是有时候。","Zhège cí shì yǒu shíhou.","Từ này là '有时候' (có lúc)."
"Hán 2","Bài 16","第十六课 你常去图书馆吗","时候","shí hòu","lúc, thời gian","这个词是时候。","Zhège cí shì shí hòu.","Từ này là '时候' (lúc, thời gian)."
"Hán 2","Bài 16","第十六课 你常去图书馆吗","借","jiè","mượn","这个词是借。","Zhège cí shì jiè.","Từ này là '借' (mượn)."
"Hán 2","Bài 16","第十六课 你常去图书馆吗","上网","shàng wǎng","lên mạng","这个词是上网。","Zhège cí shì shàng wǎng.","Từ này là '上网' (lên mạng)."
"Hán 2","Bài 16","第十六课 你常去图书馆吗","资料","zī liào","tài liệu","这个词是资料。","Zhège cí shì zī liào.","Từ này là '资料' (tài liệu)."
"Hán 2","Bài 16","第十六课 你常去图书馆吗","总是","zǒngshì","luôn luôn","这个词是总是。","Zhège cí shì zǒngshì.","Từ này là '总是' (luôn luôn)."
"Hán 2","Bài 16","第十六课 你常去图书馆吗","安静","ān jìng","yên tĩnh","这个词是安静。","Zhège cí shì ān jìng.","Từ này là '安静' (yên tĩnh)."
"Hán 2","Bài 16","第十六课 你常去图书馆吗","晚上","wǎn shàng","buổi tối","这个词是晚上。","Zhège cí shì wǎn shàng.","Từ này là '晚上' (buổi tối)."
"Hán 2","Bài 16","第十六课 你常去图书馆吗","复习","fù xí","ôn tập","这个词是复习。","Zhège cí shì fù xí.","Từ này là '复习' (ôn tập)."
"Hán 2","Bài 16","第十六课 你常去图书馆吗","课文","kè wén","bài khóa","这个词是课文。","Zhège cí shì kè wén.","Từ này là '课文' (bài khóa)."
"Hán 2","Bài 16","第十六课 你常去图书馆吗","预习","yù xí","chuẩn bị bài trước","这个词是预习。","Zhège cí shì yù xí.","Từ này là '预习' (chuẩn bị bài trước)."
"Hán 2","Bài 16","第十六课 你常去图书馆吗","生词","shēng cí","từ mới","这个词是生词。","Zhège cí shì shēng cí.","Từ này là '生词' (từ mới)."
"Hán 2","Bài 16","第十六课 你常去图书馆吗","或者","huò zhě","hoặc là","这个词是或者。","Zhège cí shì huò zhě.","Từ này là '或者' (hoặc là)."
"Hán 2","Bài 16","第十六课 你常去图书馆吗","练习","liàn xí","luyện tập; bài tập","这个词是练习。","Zhège cí shì liàn xí.","Từ này là '练习' (luyện tập; bài tập)."
"Hán 2","Bài 16","第十六课 你常去图书馆吗","聊天儿","liáo tiān ér","nói chuyện phiếm","这个词是聊天儿。","Zhège cí shì liáo tiān ér.","Từ này là '聊天儿' (nói chuyện phiếm)."
"Hán 2","Bài 16","第十六课 你常去图书馆吗","收发","shōu fā","nhận và gửi","这个词是收发。","Zhège cí shì shōu fā.","Từ này là '收发' (nhận và gửi)."
"Hán 2","Bài 16","第十六课 你常去图书馆吗","伊妹儿","yīmèir","email","这个词是伊妹儿。","Zhège cí shì yīmèir.","Từ này là '伊妹儿' (email)."
"Hán 2","Bài 16","第十六课 你常去图书馆吗","电影","diàn yǐng","phim","这个词是电影。","Zhège cí shì diàn yǐng.","Từ này là '电影' (phim)."
"Hán 2","Bài 16","第十六课 你常去图书馆吗","电视剧","diàn shì jù","phim truyền hình","这个词是电视剧。","Zhège cí shì diàn shì jù.","Từ này là '电视剧' (phim truyền hình)."
"Hán 2","Bài 16","第十六课 你常去图书馆吗","电视","diàn shì","tivi","这个词是电视。","Zhège cí shì diàn shì.","Từ này là '电视' (tivi)."
"Hán 2","Bài 16","第十六课 你常去图书馆吗","休息","xiū xī","nghỉ ngơi","这个词是休息。","Zhège cí shì xiū xī.","Từ này là '休息' (nghỉ ngơi)."
"Hán 2","Bài 16","第十六课 你常去图书馆吗","宿舍","sù shè","ký túc xá","这个词是宿舍。","Zhège cí shì sù shè.","Từ này là '宿舍' (ký túc xá)."
"Hán 2","Bài 16","第十六课 你常去图书馆吗","公园","gōng yuán","công viên","这个词是公园。","Zhège cí shì gōng yuán.","Từ này là '公园' (công viên)."
"Hán 2","Bài 16","第十六课 你常去图书馆吗","超市","chāo shì","siêu thị","这个词是超市。","Zhège cí shì chāo shì.","Từ này là '超市' (siêu thị)."
"Hán 2","Bài 16","第十六课 你常去图书馆吗","东西","dōng xī","đồ vật, thứ","这个词是东西。","Zhège cí shì dōng xī.","Từ này là '东西' (đồ vật, thứ)."
"Hán 2","Bài 16","第十六课 你常去图书馆吗","所以","suǒ yǐ","cho nên","这个词是所以。","Zhège cí shì suǒ yǐ.","Từ này là '所以' (cho nên)."
"Hán 2","Bài 17","第十七课 他在做什么呢","在","zài","đang; ở","这个词是在。","Zhège cí shì zài.","Từ này là '在' (đang; ở)."
"Hán 2","Bài 17","第十七课 他在做什么呢","出来","chūlai","đi ra","这个词是出来。","Zhège cí shì chūlai.","Từ này là '出来' (đi ra)."
"Hán 2","Bài 17","第十七课 他在做什么呢","正在","zhèng zài","đang","他正在听音乐。","Tā zhèngzài tīng yīnyuè.","Anh ấy đang nghe nhạc."
"Hán 2","Bài 17","第十七课 他在做什么呢","音乐","yīn yuè","âm nhạc","这个词是音乐。","Zhège cí shì yīn yuè.","Từ này là '音乐' (âm nhạc)."
"Hán 2","Bài 17","第十七课 他在做什么呢","没有","méiyǒu","không có; chưa","这个词是没有。","Zhège cí shì méiyǒu.","Từ này là '没有' (không có; chưa)."
"Hán 2","Bài 17","第十七课 他在做什么呢","正","zhèng","đúng lúc, đang","这个词是正。","Zhège cí shì zhèng.","Từ này là '正' (đúng lúc, đang)."
"Hán 2","Bài 17","第十七课 他在做什么呢","录音","lù yīn","ghi âm; băng ghi âm","这个词是录音。","Zhège cí shì lù yīn.","Từ này là '录音' (ghi âm; băng ghi âm)."
"Hán 2","Bài 17","第十七课 他在做什么呢","事","shì","việc","这个词是事。","Zhège cí shì shì.","Từ này là '事' (việc)."
"Hán 2","Bài 17","第十七课 他在做什么呢","书店","shū diàn","hiệu sách","这个词是书店。","Zhège cí shì shū diàn.","Từ này là '书店' (hiệu sách)."
"Hán 2","Bài 17","第十七课 他在做什么呢","想","xiǎng","muốn, nghĩ, nhớ","这个词是想。","Zhège cí shì xiǎng.","Từ này là '想' (muốn, nghĩ, nhớ)."
"Hán 2","Bài 17","第十七课 他在做什么呢","汉英","hàn yīng","Hán - Anh","这个词是汉英。","Zhège cí shì hàn yīng.","Từ này là '汉英' (Hán - Anh)."
"Hán 2","Bài 17","第十七课 他在做什么呢","坐","zuò","ngồi; đi bằng phương tiện","这个词是坐。","Zhège cí shì zuò.","Từ này là '坐' (ngồi; đi bằng phương tiện)."
"Hán 2","Bài 17","第十七课 他在做什么呢","挤","jǐ","chen chúc","这个词是挤。","Zhège cí shì jǐ.","Từ này là '挤' (chen chúc)."
"Hán 2","Bài 17","第十七课 他在做什么呢","骑","qí","đạp/cưỡi","这个词是骑。","Zhège cí shì qí.","Từ này là '骑' (đạp/cưỡi)."
"Hán 2","Bài 17","第十七课 他在做什么呢","行","xíng","được, ổn","这个词是行。","Zhège cí shì xíng.","Từ này là '行' (được, ổn)."
"Hán 2","Bài 17","第十七课 他在做什么呢","门","mén","môn học; cửa","这个词是门。","Zhège cí shì mén.","Từ này là '门' (môn học; cửa)."
"Hán 2","Bài 17","第十七课 他在做什么呢","课","kè","môn học; bài học","这个词是课。","Zhège cí shì kè.","Từ này là '课' (môn học; bài học)."
"Hán 2","Bài 17","第十七课 他在做什么呢","综合","zōng hé","tổng hợp","这个词是综合。","Zhège cí shì zōng hé.","Từ này là '综合' (tổng hợp)."
"Hán 2","Bài 17","第十七课 他在做什么呢","口语","kǒu yǔ","khẩu ngữ, nói","这个词是口语。","Zhège cí shì kǒu yǔ.","Từ này là '口语' (khẩu ngữ, nói)."
"Hán 2","Bài 17","第十七课 他在做什么呢","听力","tīng lì","nghe hiểu","这个词是听力。","Zhège cí shì tīng lì.","Từ này là '听力' (nghe hiểu)."
"Hán 2","Bài 17","第十七课 他在做什么呢","阅读","yuè dú","đọc hiểu","这个词是阅读。","Zhège cí shì yuè dú.","Từ này là '阅读' (đọc hiểu)."
"Hán 2","Bài 17","第十七课 他在做什么呢","文化","wén huà","văn hóa","这个词是文化。","Zhège cí shì wén huà.","Từ này là '文化' (văn hóa)."
"Hán 2","Bài 17","第十七课 他在做什么呢","体育","tǐ yù","thể dục","这个词是体育。","Zhège cí shì tǐ yù.","Từ này là '体育' (thể dục)."
"Hán 2","Bài 17","第十七课 他在做什么呢","教","jiào","dạy","这个词是教。","Zhège cí shì jiào.","Từ này là '教' (dạy)."
"Hán 2","Bài 17","第十七课 他在做什么呢","打电话","dǎ diàn huà","gọi điện thoại","这个词是打电话。","Zhège cí shì dǎ diàn huà.","Từ này là '打电话' (gọi điện thoại)."
"Hán 2","Bài 17","第十七课 他在做什么呢","飞机","fēi jī","máy bay","这个词是飞机。","Zhège cí shì fēi jī.","Từ này là '飞机' (máy bay)."
"Hán 2","Bài 17","第十七课 他在做什么呢","火车","huǒ chē","tàu hỏa","这个词是火车。","Zhège cí shì huǒ chē.","Từ này là '火车' (tàu hỏa)."
"Hán 2","Bài 17","第十七课 他在做什么呢","走路","zǒu lù","đi bộ","这个词是走路。","Zhège cí shì zǒu lù.","Từ này là '走路' (đi bộ)."
"Hán 2","Bài 17","第十七课 他在做什么呢","打的","dǎdī","đi taxi","这个词是打的。","Zhège cí shì dǎdī.","Từ này là '打的' (đi taxi)."
"Hán 2","Bài 17","第十七课 他在做什么呢","电话卡","diàn huà kǎ","thẻ điện thoại","这个词是电话卡。","Zhège cí shì diàn huà kǎ.","Từ này là '电话卡' (thẻ điện thoại)."
"Hán 2","Bài 17","第十七课 他在做什么呢","服务员","fú wù yuán","nhân viên phục vụ","这个词是服务员。","Zhège cí shì fú wù yuán.","Từ này là '服务员' (nhân viên phục vụ)."
"Hán 2","Bài 18","第十八课 我去邮局寄包裹","包裹","bāo guǒ","bưu kiện","我去邮局寄包裹。","Wǒ qù yóujú jì bāoguǒ.","Tôi đi bưu điện gửi bưu kiện."
"Hán 2","Bài 18","第十八课 我去邮局寄包裹","顺便","shùn biàn","tiện thể","这个词是顺便。","Zhège cí shì shùn biàn.","Từ này là '顺便' (tiện thể)."
"Hán 2","Bài 18","第十八课 我去邮局寄包裹","替","tì","thay, giúp","这个词是替。","Zhège cí shì tì.","Từ này là '替' (thay, giúp)."
"Hán 2","Bài 18","第十八课 我去邮局寄包裹","邮票","yóu piào","tem","这个词是邮票。","Zhège cí shì yóu piào.","Từ này là '邮票' (tem)."
"Hán 2","Bài 18","第十八课 我去邮局寄包裹","份","fèn","lượng từ cho báo/tài liệu","这个词是份。","Zhège cí shì fèn.","Từ này là '份' (lượng từ cho báo/tài liệu)."
"Hán 2","Bài 18","第十八课 我去邮局寄包裹","青年","qīng nián","thanh niên","这个词是青年。","Zhège cí shì qīng nián.","Từ này là '青年' (thanh niên)."
"Hán 2","Bài 18","第十八课 我去邮局寄包裹","报","bào","báo","这个词是报。","Zhège cí shì bào.","Từ này là '报' (báo)."
"Hán 2","Bài 18","第十八课 我去邮局寄包裹","报纸","bào zhǐ","tờ báo","这个词是报纸。","Zhège cí shì bào zhǐ.","Từ này là '报纸' (tờ báo)."
"Hán 2","Bài 18","第十八课 我去邮局寄包裹","拿","ná","cầm, lấy","这个词是拿。","Zhège cí shì ná.","Từ này là '拿' (cầm, lấy)."
"Hán 2","Bài 18","第十八课 我去邮局寄包裹","不用","bù yòng","không cần","这个词是不用。","Zhège cí shì bù yòng.","Từ này là '不用' (không cần)."
"Hán 2","Bài 18","第十八课 我去邮局寄包裹","旅行","lǚ xíng","du lịch","这个词是旅行。","Zhège cí shì lǚ xíng.","Từ này là '旅行' (du lịch)."
"Hán 2","Bài 18","第十八课 我去邮局寄包裹","代表","dài biǎo","đại biểu, đại diện","这个词是代表。","Zhège cí shì dài biǎo.","Từ này là '代表' (đại biểu, đại diện)."
"Hán 2","Bài 18","第十八课 我去邮局寄包裹","代表团","dài biǎo tuán","đoàn đại biểu","这个词是代表团。","Zhège cí shì dài biǎo tuán.","Từ này là '代表团' (đoàn đại biểu)."
"Hán 2","Bài 18","第十八课 我去邮局寄包裹","参观","cān guān","tham quan","这个词是参观。","Zhège cí shì cān guān.","Từ này là '参观' (tham quan)."
"Hán 2","Bài 18","第十八课 我去邮局寄包裹","翻译","fān yì","phiên dịch; dịch","这个词是翻译。","Zhège cí shì fān yì.","Từ này là '翻译' (phiên dịch; dịch)."
"Hán 2","Bài 18","第十八课 我去邮局寄包裹","飞机","fēi jī","máy bay","这个词是飞机。","Zhège cí shì fēi jī.","Từ này là '飞机' (máy bay)."
"Hán 2","Bài 18","第十八课 我去邮局寄包裹","火车","huǒ chē","tàu hỏa","这个词是火车。","Zhège cí shì huǒ chē.","Từ này là '火车' (tàu hỏa)."
"Hán 2","Bài 18","第十八课 我去邮局寄包裹","回来","huílai","trở về","这个词是回来。","Zhège cí shì huílai.","Từ này là '回来' (trở về)."
"Hán 2","Bài 18","第十八课 我去邮局寄包裹","办","bàn","làm, xử lý","这个词是办。","Zhège cí shì bàn.","Từ này là '办' (làm, xử lý)."
"Hán 2","Bài 18","第十八课 我去邮局寄包裹","帮","bāng","giúp","这个词是帮。","Zhège cí shì bāng.","Từ này là '帮' (giúp)."
"Hán 2","Bài 18","第十八课 我去邮局寄包裹","浇","jiāo","tưới","这个词是浇。","Zhège cí shì jiāo.","Từ này là '浇' (tưới)."
"Hán 2","Bài 18","第十八课 我去邮局寄包裹","花","huā","hoa","这个词是花。","Zhège cí shì huā.","Từ này là '花' (hoa)."
"Hán 2","Bài 18","第十八课 我去邮局寄包裹","没问题","méi wèntí","không vấn đề gì","这个词是没问题。","Zhège cí shì méi wèntí.","Từ này là '没问题' (không vấn đề gì)."
"Hán 2","Bài 18","第十八课 我去邮局寄包裹","问题","wèn tí","vấn đề, câu hỏi","这个词是问题。","Zhège cí shì wèn tí.","Từ này là '问题' (vấn đề, câu hỏi)."
"Hán 2","Bài 18","第十八课 我去邮局寄包裹","上海","shàng hǎi","Thượng Hải","这个词是上海。","Zhège cí shì shàng hǎi.","Từ này là '上海' (Thượng Hải)."
"Hán 2","Bài 18","第十八课 我去邮局寄包裹","珍妮","zhēn nī","Janet","这个词是珍妮。","Zhège cí shì zhēn nī.","Từ này là '珍妮' (Janet)."
"Hán 2","Bài 19","第十九课 可以试试吗","羽绒服","yǔ róng fú","áo lông vũ","这个词是羽绒服。","Zhège cí shì yǔ róng fú.","Từ này là '羽绒服' (áo lông vũ)."
"Hán 2","Bài 19","第十九课 可以试试吗","又…又…","yòu... yòu...","vừa... vừa...","这个词是又…又…。","Zhège cí shì yòu... yòu....","Từ này là '又…又…' (vừa... vừa...)."
"Hán 2","Bài 19","第十九课 可以试试吗","便宜","pián yi","rẻ","这个词是便宜。","Zhège cí shì pián yi.","Từ này là '便宜' (rẻ)."
"Hán 2","Bài 19","第十九课 可以试试吗","长","zhǎng","dài","这个词是长。","Zhège cí shì zhǎng.","Từ này là '长' (dài)."
"Hán 2","Bài 19","第十九课 可以试试吗","一点儿","yìdiǎnr","một chút","这个词是一点儿。","Zhège cí shì yìdiǎnr.","Từ này là '一点儿' (một chút)."
"Hán 2","Bài 19","第十九课 可以试试吗","短","duǎn","ngắn","这个词是短。","Zhège cí shì duǎn.","Từ này là '短' (ngắn)."
"Hán 2","Bài 19","第十九课 可以试试吗","深","shēn","đậm, sâu","这个词是深。","Zhège cí shì shēn.","Từ này là '深' (đậm, sâu)."
"Hán 2","Bài 19","第十九课 可以试试吗","浅","qiǎn","nhạt, nông","这个词是浅。","Zhège cí shì qiǎn.","Từ này là '浅' (nhạt, nông)."
"Hán 2","Bài 19","第十九课 可以试试吗","试","shì","thử","这个词是试。","Zhège cí shì shì.","Từ này là '试' (thử)."
"Hán 2","Bài 19","第十九课 可以试试吗","可以","kě yǐ","có thể","我可以试试吗？","Wǒ kěyǐ shìshi ma?","Tôi có thể thử không?"
"Hán 2","Bài 19","第十九课 可以试试吗","当然","dāng rán","đương nhiên","这个词是当然。","Zhège cí shì dāng rán.","Từ này là '当然' (đương nhiên)."
"Hán 2","Bài 19","第十九课 可以试试吗","肥","féi","rộng, béo","这个词是肥。","Zhège cí shì féi.","Từ này là '肥' (rộng, béo)."
"Hán 2","Bài 19","第十九课 可以试试吗","瘦","shòu","chật/gầy","这个词是瘦。","Zhège cí shì shòu.","Từ này là '瘦' (chật/gầy)."
"Hán 2","Bài 19","第十九课 可以试试吗","合适","hé shì","phù hợp","这个词是合适。","Zhège cí shì hé shì.","Từ này là '合适' (phù hợp)."
"Hán 2","Bài 19","第十九课 可以试试吗","好看","hǎo kàn","đẹp, dễ nhìn","这个词是好看。","Zhège cí shì hǎo kàn.","Từ này là '好看' (đẹp, dễ nhìn)."
"Hán 2","Bài 19","第十九课 可以试试吗","种","zhǒng","loại","这个词是种。","Zhège cí shì zhǒng.","Từ này là '种' (loại)."
"Hán 2","Bài 19","第十九课 可以试试吗","打折","dǎ zhé","giảm giá, chiết khấu","这个词是打折。","Zhège cí shì dǎ zhé.","Từ này là '打折' (giảm giá, chiết khấu)."
"Hán 2","Bài 19","第十九课 可以试试吗","面包","miàn bāo","bánh mì","这个词是面包。","Zhège cí shì miàn bāo.","Từ này là '面包' (bánh mì)."
"Hán 2","Bài 19","第十九课 可以试试吗","鞋","xié","giày","这个词是鞋。","Zhège cí shì xié.","Từ này là '鞋' (giày)."
"Hán 2","Bài 19","第十九课 可以试试吗","双","shuāng","đôi","这个词是双。","Zhège cí shì shuāng.","Từ này là '双' (đôi)."
"Hán 2","Bài 19","第十九课 可以试试吗","毛衣","máo yī","áo len","这个词是毛衣。","Zhège cí shì máo yī.","Từ này là '毛衣' (áo len)."
"Hán 2","Bài 19","第十九课 可以试试吗","听说","tīng shuō","nghe nói","这个词是听说。","Zhège cí shì tīng shuō.","Từ này là '听说' (nghe nói)."
"Hán 2","Bài 19","第十九课 可以试试吗","冬天","dōng tiān","mùa đông","这个词是冬天。","Zhège cí shì dōng tiān.","Từ này là '冬天' (mùa đông)."
"Hán 2","Bài 19","第十九课 可以试试吗","冷","lěng","lạnh","这个词是冷。","Zhège cí shì lěng.","Từ này là '冷' (lạnh)."
"Hán 2","Bài 19","第十九课 可以试试吗","机场","jī chǎng","sân bay","这个词是机场。","Zhège cí shì jī chǎng.","Từ này là '机场' (sân bay)."
"Hán 2","Bài 19","第十九课 可以试试吗","接","jiē","đón","这个词是接。","Zhège cí shì jiē.","Từ này là '接' (đón)."
"Hán 2","Bài 19","第十九课 可以试试吗","能","néng","có thể","这个词是能。","Zhège cí shì néng.","Từ này là '能' (có thể)."
"Hán 2","Bài 19","第十九课 可以试试吗","展览","zhǎn lǎn","triển lãm","这个词是展览。","Zhège cí shì zhǎn lǎn.","Từ này là '展览' (triển lãm)."
"Hán 2","Bài 20","第二十课 祝你生日快乐","年","nián","năm","这个词是年。","Zhège cí shì nián.","Từ này là '年' (năm)."
"Hán 2","Bài 20","第二十课 祝你生日快乐","今年","jīn nián","năm nay","这个词是今年。","Zhège cí shì jīn nián.","Từ này là '今年' (năm nay)."
"Hán 2","Bài 20","第二十课 祝你生日快乐","明年","míng nián","năm sau","这个词是明年。","Zhège cí shì míng nián.","Từ này là '明年' (năm sau)."
"Hán 2","Bài 20","第二十课 祝你生日快乐","去年","qù nián","năm ngoái","这个词是去年。","Zhège cí shì qù nián.","Từ này là '去年' (năm ngoái)."
"Hán 2","Bài 20","第二十课 祝你生日快乐","后年","hòu nián","năm sau nữa","这个词是后年。","Zhège cí shì hòu nián.","Từ này là '后年' (năm sau nữa)."
"Hán 2","Bài 20","第二十课 祝你生日快乐","毕业","bì yè","tốt nghiệp","这个词是毕业。","Zhège cí shì bì yè.","Từ này là '毕业' (tốt nghiệp)."
"Hán 2","Bài 20","第二十课 祝你生日快乐","多","duō","nhiều; bao nhiêu","这个词是多。","Zhège cí shì duō.","Từ này là '多' (nhiều; bao nhiêu)."
"Hán 2","Bài 20","第二十课 祝你生日快乐","多大","duō dà","bao nhiêu tuổi","这个词是多大。","Zhège cí shì duō dà.","Từ này là '多大' (bao nhiêu tuổi)."
"Hán 2","Bài 20","第二十课 祝你生日快乐","岁","suì","tuổi","这个词是岁。","Zhège cí shì suì.","Từ này là '岁' (tuổi)."
"Hán 2","Bài 20","第二十课 祝你生日快乐","属","shǔ","cầm tinh","这个词是属。","Zhège cí shì shǔ.","Từ này là '属' (cầm tinh)."
"Hán 2","Bài 20","第二十课 祝你生日快乐","狗","gǒu","chó","这个词是狗。","Zhège cí shì gǒu.","Từ này là '狗' (chó)."
"Hán 2","Bài 20","第二十课 祝你生日快乐","月","yuè","tháng","这个词是月。","Zhège cí shì yuè.","Từ này là '月' (tháng)."
"Hán 2","Bài 20","第二十课 祝你生日快乐","号","hào","ngày; số","这个词是号。","Zhège cí shì hào.","Từ này là '号' (ngày; số)."
"Hán 2","Bài 20","第二十课 祝你生日快乐","生日","shēng rì","sinh nhật","祝你生日快乐。","Zhù nǐ shēngrì kuàilè.","Chúc mừng sinh nhật bạn."
"Hán 2","Bài 20","第二十课 祝你生日快乐","正好","zhèng hǎo","vừa đúng","这个词是正好。","Zhège cí shì zhèng hǎo.","Từ này là '正好' (vừa đúng)."
"Hán 2","Bài 20","第二十课 祝你生日快乐","打算","dǎ suàn","dự định","这个词是打算。","Zhège cí shì dǎ suàn.","Từ này là '打算' (dự định)."
"Hán 2","Bài 20","第二十课 祝你生日快乐","准备","zhǔn bèi","chuẩn bị","这个词是准备。","Zhège cí shì zhǔn bèi.","Từ này là '准备' (chuẩn bị)."
"Hán 2","Bài 20","第二十课 祝你生日快乐","举行","jǔ xíng","tổ chức","这个词是举行。","Zhège cí shì jǔ xíng.","Từ này là '举行' (tổ chức)."
"Hán 2","Bài 20","第二十课 祝你生日快乐","晚会","wǎn huì","buổi liên hoan tối","这个词是晚会。","Zhège cí shì wǎn huì.","Từ này là '晚会' (buổi liên hoan tối)."
"Hán 2","Bài 20","第二十课 祝你生日快乐","参加","cān jiā","tham gia","这个词是参加。","Zhège cí shì cān jiā.","Từ này là '参加' (tham gia)."
"Hán 2","Bài 20","第二十课 祝你生日快乐","时间","shí jiān","thời gian","这个词是时间。","Zhège cí shì shí jiān.","Từ này là '时间' (thời gian)."
"Hán 2","Bài 20","第二十课 祝你生日快乐","点钟","diǎn zhōng","giờ","这个词是点钟。","Zhège cí shì diǎn zhōng.","Từ này là '点钟' (giờ)."
"Hán 2","Bài 20","第二十课 祝你生日快乐","就","jiù","liền, ngay, thì","这个词是就。","Zhège cí shì jiù.","Từ này là '就' (liền, ngay, thì)."
"Hán 2","Bài 20","第二十课 祝你生日快乐","一定","yí dìng","nhất định","这个词是一定。","Zhège cí shì yí dìng.","Từ này là '一定' (nhất định)."
"Hán 2","Bài 20","第二十课 祝你生日快乐","祝","zhù","chúc","这个词是祝。","Zhège cí shì zhù.","Từ này là '祝' (chúc)."
"Hán 2","Bài 20","第二十课 祝你生日快乐","快乐","kuài lè","vui vẻ","这个词是快乐。","Zhège cí shì kuài lè.","Từ này là '快乐' (vui vẻ)."
"Hán 2","Bài 20","第二十课 祝你生日快乐","祝你生日快乐","zhù nǐ shēngrì kuàilè","chúc mừng sinh nhật","这个词是祝你生日快乐。","Zhège cí shì zhù nǐ shēngrì kuàilè.","Từ này là '祝你生日快乐' (chúc mừng sinh nhật)."
"Hán 2","Bài 20","第二十课 祝你生日快乐","新年","xīn nián","năm mới","这个词是新年。","Zhège cí shì xīn nián.","Từ này là '新年' (năm mới)."
"Hán 2","Bài 20","第二十课 祝你生日快乐","春节","chūn jié","Tết Nguyên đán","这个词是春节。","Zhège cí shì chūn jié.","Từ này là '春节' (Tết Nguyên đán)."
"Hán 2","Bài 20","第二十课 祝你生日快乐","圣诞节","shèng dàn jié","Giáng sinh","这个词是圣诞节。","Zhège cí shì shèng dàn jié.","Từ này là '圣诞节' (Giáng sinh)."
"Hán 2","Bài 20","第二十课 祝你生日快乐","健康","jiàn kāng","sức khỏe","这个词是健康。","Zhège cí shì jiàn kāng.","Từ này là '健康' (sức khỏe)."
"Hán 2","Bài 20","第二十课 祝你生日快乐","大后年","dà hòu nián","ba năm sau","这个词是大后年。","Zhège cí shì dà hòu nián.","Từ này là '大后年' (ba năm sau)."
"Hán 2","Bài 20","第二十课 祝你生日快乐","礼物","lǐ wù","quà tặng","这个词是礼物。","Zhège cí shì lǐ wù.","Từ này là '礼物' (quà tặng)."
"Hán 2","Bài 20","第二十课 祝你生日快乐","玩具","wán jù","đồ chơi","这个词是玩具。","Zhège cí shì wán jù.","Từ này là '玩具' (đồ chơi)."
"Hán 2","Bài 20","第二十课 祝你生日快乐","有意思","yǒu yì si","thú vị, có ý nghĩa","这个词是有意思。","Zhège cí shì yǒu yì si.","Từ này là '有意思' (thú vị, có ý nghĩa)."
"Hán 2","Bài 20","第二十课 祝你生日快乐","出生","chū shēng","ra đời, sinh ra","这个词是出生。","Zhège cí shì chū shēng.","Từ này là '出生' (ra đời, sinh ra)."
"Hán 2","Bài 20","第二十课 祝你生日快乐","唱歌","chàng gē","hát","这个词是唱歌。","Zhège cí shì chàng gē.","Từ này là '唱歌' (hát)."
"Hán 2","Bài 20","第二十课 祝你生日快乐","蛋糕","dàn gāo","bánh kem","这个词是蛋糕。","Zhège cí shì dàn gāo.","Từ này là '蛋糕' (bánh kem)."
"Hán 2","Bài 21","第二十一课 我们明天七点一刻出发","每","měi","mỗi","这个词是每。","Zhège cí shì měi.","Từ này là '每' (mỗi)."
"Hán 2","Bài 21","第二十一课 我们明天七点一刻出发","早上","zǎo shàng","buổi sáng sớm","这个词是早上。","Zhège cí shì zǎo shàng.","Từ này là '早上' (buổi sáng sớm)."
"Hán 2","Bài 21","第二十一课 我们明天七点一刻出发","半","bàn","nửa","这个词是半。","Zhège cí shì bàn.","Từ này là '半' (nửa)."
"Hán 2","Bài 21","第二十一课 我们明天七点一刻出发","起床","qǐ chuáng","thức dậy","这个词是起床。","Zhège cí shì qǐ chuáng.","Từ này là '起床' (thức dậy)."
"Hán 2","Bài 21","第二十一课 我们明天七点一刻出发","早饭","zǎo fàn","bữa sáng","这个词是早饭。","Zhège cí shì zǎo fàn.","Từ này là '早饭' (bữa sáng)."
"Hán 2","Bài 21","第二十一课 我们明天七点一刻出发","午饭","wǔ fàn","bữa trưa","这个词是午饭。","Zhège cí shì wǔ fàn.","Từ này là '午饭' (bữa trưa)."
"Hán 2","Bài 21","第二十一课 我们明天七点一刻出发","晚饭","wǎn fàn","bữa tối","这个词是晚饭。","Zhège cí shì wǎn fàn.","Từ này là '晚饭' (bữa tối)."
"Hán 2","Bài 21","第二十一课 我们明天七点一刻出发","以后","yǐ hòu","sau, sau khi","这个词是以后。","Zhège cí shì yǐ hòu.","Từ này là '以后' (sau, sau khi)."
"Hán 2","Bài 21","第二十一课 我们明天七点一刻出发","差","chà","kém; thiếu","这个词是差。","Zhège cí shì chà.","Từ này là '差' (kém; thiếu)."
"Hán 2","Bài 21","第二十一课 我们明天七点一刻出发","分钟","fēn zhōng","phút","这个词是分钟。","Zhège cí shì fēn zhōng.","Từ này là '分钟' (phút)."
"Hán 2","Bài 21","第二十一课 我们明天七点一刻出发","上课","shàng kè","lên lớp, vào học","这个词是上课。","Zhège cí shì shàng kè.","Từ này là '上课' (lên lớp, vào học)."
"Hán 2","Bài 21","第二十一课 我们明天七点一刻出发","节","jié","tiết học","这个词是节。","Zhège cí shì jié.","Từ này là '节' (tiết học)."
"Hán 2","Bài 21","第二十一课 我们明天七点一刻出发","教室","jiào shì","phòng học","这个词是教室。","Zhège cí shì jiào shì.","Từ này là '教室' (phòng học)."
"Hán 2","Bài 21","第二十一课 我们明天七点一刻出发","锻炼","duàn liàn","rèn luyện, tập thể dục","这个词是锻炼。","Zhège cí shì duàn liàn.","Từ này là '锻炼' (rèn luyện, tập thể dục)."
"Hán 2","Bài 21","第二十一课 我们明天七点一刻出发","洗澡","xǐ zǎo","tắm","这个词是洗澡。","Zhège cí shì xǐ zǎo.","Từ này là '洗澡' (tắm)."
"Hán 2","Bài 21","第二十一课 我们明天七点一刻出发","然后","rán hòu","sau đó","这个词是然后。","Zhège cí shì rán hòu.","Từ này là '然后' (sau đó)."
"Hán 2","Bài 21","第二十一课 我们明天七点一刻出发","睡觉","shuì jiào","ngủ","这个词是睡觉。","Zhège cí shì shuì jiào.","Từ này là '睡觉' (ngủ)."
"Hán 2","Bài 21","第二十一课 我们明天七点一刻出发","爬","pá","leo","这个词是爬。","Zhège cí shì pá.","Từ này là '爬' (leo)."
"Hán 2","Bài 21","第二十一课 我们明天七点一刻出发","们","men","hậu tố số nhiều","这个词是们。","Zhège cí shì men.","Từ này là '们' (hậu tố số nhiều)."
"Hán 2","Bài 21","第二十一课 我们明天七点一刻出发","山","shān","núi","这个词是山。","Zhège cí shì shān.","Từ này là '山' (núi)."
"Hán 2","Bài 21","第二十一课 我们明天七点一刻出发","年级","nián jí","năm/lớp học","这个词是年级。","Zhège cí shì nián jí.","Từ này là '年级' (năm/lớp học)."
"Hán 2","Bài 21","第二十一课 我们明天七点一刻出发","出发","chū fā","xuất phát","我们明天七点一刻出发。","Wǒmen míngtiān qī diǎn yí kè chūfā.","Ngày mai 7 giờ 15 chúng tôi xuất phát."
"Hán 2","Bài 21","第二十一课 我们明天七点一刻出发","前","qián","trước","这个词是前。","Zhège cí shì qián.","Từ này là '前' (trước)."
"Hán 2","Bài 21","第二十一课 我们明天七点一刻出发","集合","jí hé","tập hợp","这个词是集合。","Zhège cí shì jí hé.","Từ này là '集合' (tập hợp)."
"Hán 2","Bài 21","第二十一课 我们明天七点一刻出发","刻","kè","mười lăm phút, khắc","这个词是刻。","Zhège cí shì kè.","Từ này là '刻' (mười lăm phút, khắc)."
"Hán 2","Bài 21","第二十一课 我们明天七点一刻出发","上车","shàng chē","lên xe","这个词是上车。","Zhège cí shì shàng chē.","Từ này là '上车' (lên xe)."
"Hán 2","Bài 21","第二十一课 我们明天七点一刻出发","下车","xià chē","xuống xe","这个词是下车。","Zhège cí shì xià chē.","Từ này là '下车' (xuống xe)."
"Hán 2","Bài 21","第二十一课 我们明天七点一刻出发","准时","zhǔn shí","đúng giờ","这个词是准时。","Zhège cí shì zhǔn shí.","Từ này là '准时' (đúng giờ)."
"Hán 2","Bài 21","第二十一课 我们明天七点一刻出发","带","dài","mang theo","这个词是带。","Zhège cí shì dài.","Từ này là '带' (mang theo)."
"Hán 2","Bài 21","第二十一课 我们明天七点一刻出发","课间","kè jiān","giờ ra chơi, giữa giờ","这个词是课间。","Zhège cí shì kè jiān.","Từ này là '课间' (giờ ra chơi, giữa giờ)."
"Hán 2","Bài 21","第二十一课 我们明天七点一刻出发","上班","shàng bān","đi làm","这个词是上班。","Zhège cí shì shàng bān.","Từ này là '上班' (đi làm)."
"Hán 2","Bài 21","第二十一课 我们明天七点一刻出发","下班","xià bān","tan làm","这个词是下班。","Zhège cí shì xià bān.","Từ này là '下班' (tan làm)."
"Hán 2","Bài 21","第二十一课 我们明天七点一刻出发","努力","nǔ lì","cố gắng","这个词是努力。","Zhège cí shì nǔ lì.","Từ này là '努力' (cố gắng)."
"Hán 2","Bài 21","第二十一课 我们明天七点一刻出发","加拿大","jiā ná dà","Canada","这个词是加拿大。","Zhège cí shì jiā ná dà.","Từ này là '加拿大' (Canada)."
"Hán 2","Bài 21","第二十一课 我们明天七点一刻出发","跑步","pǎo bù","chạy bộ","这个词是跑步。","Zhège cí shì pǎo bù.","Từ này là '跑步' (chạy bộ)."
"Hán 2","Bài 21","第二十一课 我们明天七点一刻出发","打球","dǎ qiú","chơi bóng","这个词是打球。","Zhège cí shì dǎ qiú.","Từ này là '打球' (chơi bóng)."
"Hán 2","Bài 21","第二十一课 我们明天七点一刻出发","洗衣服","xǐ yī fú","giặt quần áo","这个词是洗衣服。","Zhège cí shì xǐ yī fú.","Từ này là '洗衣服' (giặt quần áo)."
"Hán 2","Bài 22","第二十二课 我打算请老师教京剧","让","ràng","để, bảo, cho phép","这个词是让。","Zhège cí shì ràng.","Từ này là '让' (để, bảo, cho phép)."
"Hán 2","Bài 22","第二十二课 我打算请老师教京剧","大家","dà jiā","mọi người","这个词是大家。","Zhège cí shì dà jiā.","Từ này là '大家' (mọi người)."
"Hán 2","Bài 22","第二十二课 我打算请老师教京剧","谈","tán","nói chuyện, bàn","这个词是谈。","Zhège cí shì tán.","Từ này là '谈' (nói chuyện, bàn)."
"Hán 2","Bài 22","第二十二课 我打算请老师教京剧","自己","zì jǐ","tự mình","这个词是自己。","Zhège cí shì zì jǐ.","Từ này là '自己' (tự mình)."
"Hán 2","Bài 22","第二十二课 我打算请老师教京剧","爱好","ài hào","sở thích","这个词是爱好。","Zhège cí shì ài hào.","Từ này là '爱好' (sở thích)."
"Hán 2","Bài 22","第二十二课 我打算请老师教京剧","京剧","jīng jù","Kinh kịch","我打算请老师教京剧。","Wǒ dǎsuàn qǐng lǎoshī jiāo jīngjù.","Tôi định mời giáo viên dạy Kinh kịch."
"Hán 2","Bài 22","第二十二课 我打算请老师教京剧","喜欢","xǐ huān","thích","这个词是喜欢。","Zhège cí shì xǐ huān.","Từ này là '喜欢' (thích)."
"Hán 2","Bài 22","第二十二课 我打算请老师教京剧","非常","fēi cháng","vô cùng, rất","这个词是非常。","Zhège cí shì fēi cháng.","Từ này là '非常' (vô cùng, rất)."
"Hán 2","Bài 22","第二十二课 我打算请老师教京剧","唱","chàng","hát","这个词是唱。","Zhège cí shì chàng.","Từ này là '唱' (hát)."
"Hán 2","Bài 22","第二十二课 我打算请老师教京剧","玩","wán","chơi","这个词是玩。","Zhège cí shì wán.","Từ này là '玩' (chơi)."
"Hán 2","Bài 22","第二十二课 我打算请老师教京剧","电脑","diàn nǎo","máy tính","这个词是电脑。","Zhège cí shì diàn nǎo.","Từ này là '电脑' (máy tính)."
"Hán 2","Bài 22","第二十二课 我打算请老师教京剧","下课","xià kè","tan học","这个词是下课。","Zhège cí shì xià kè.","Từ này là '下课' (tan học)."
"Hán 2","Bài 22","第二十二课 我打算请老师教京剧","感到","gǎn dào","cảm thấy","这个词是感到。","Zhège cí shì gǎn dào.","Từ này là '感到' (cảm thấy)."
"Hán 2","Bài 22","第二十二课 我打算请老师教京剧","心情","xīn qíng","tâm trạng","这个词是心情。","Zhège cí shì xīn qíng.","Từ này là '心情' (tâm trạng)."
"Hán 2","Bài 22","第二十二课 我打算请老师教京剧","愉快","yú kuài","vui vẻ","这个词是愉快。","Zhège cí shì yú kuài.","Từ này là '愉快' (vui vẻ)."
"Hán 2","Bài 22","第二十二课 我打算请老师教京剧","业余","yè yú","ngoài giờ","这个词是业余。","Zhège cí shì yè yú.","Từ này là '业余' (ngoài giờ)."
"Hán 2","Bài 22","第二十二课 我打算请老师教京剧","以前","yǐ qián","trước đây","这个词是以前。","Zhège cí shì yǐ qián.","Từ này là '以前' (trước đây)."
"Hán 2","Bài 22","第二十二课 我打算请老师教京剧","就","jiù","đã, liền","这个词是就。","Zhège cí shì jiù.","Từ này là '就' (đã, liền)."
"Hán 2","Bài 22","第二十二课 我打算请老师教京剧","对","duì","đối với","这个词是对。","Zhège cí shì duì.","Từ này là '对' (đối với)."
"Hán 2","Bài 22","第二十二课 我打算请老师教京剧","书法","shū fǎ","thư pháp","这个词是书法。","Zhège cí shì shū fǎ.","Từ này là '书法' (thư pháp)."
"Hán 2","Bài 22","第二十二课 我打算请老师教京剧","特别","tè bié","đặc biệt","这个词是特别。","Zhège cí shì tè bié.","Từ này là '特别' (đặc biệt)."
"Hán 2","Bài 22","第二十二课 我打算请老师教京剧","感兴趣","gǎn xìng qù","có hứng thú","这个词是感兴趣。","Zhège cí shì gǎn xìng qù.","Từ này là '感兴趣' (có hứng thú)."
"Hán 2","Bài 22","第二十二课 我打算请老师教京剧","兴趣","xìng qù","hứng thú","这个词是兴趣。","Zhège cí shì xìng qù.","Từ này là '兴趣' (hứng thú)."
"Hán 2","Bài 22","第二十二课 我打算请老师教京剧","派","pài","phái, cử","这个词是派。","Zhège cí shì pài.","Từ này là '派' (phái, cử)."
"Hán 2","Bài 22","第二十二课 我打算请老师教京剧","高兴","gāo xìng","vui, phấn khởi","这个词是高兴。","Zhège cí shì gāo xìng.","Từ này là '高兴' (vui, phấn khởi)."
"Hán 2","Bài 22","第二十二课 我打算请老师教京剧","画","huà","vẽ","这个词是画。","Zhège cí shì huà.","Từ này là '画' (vẽ)."
"Hán 2","Bài 22","第二十二课 我打算请老师教京剧","画儿","huà ér","tranh","这个词是画儿。","Zhège cí shì huà ér.","Từ này là '画儿' (tranh)."
"Hán 2","Bài 22","第二十二课 我打算请老师教京剧","歌","gē","bài hát","这个词是歌。","Zhège cí shì gē.","Từ này là '歌' (bài hát)."
"Hán 2","Bài 22","第二十二课 我打算请老师教京剧","太极拳","tài jí quán","Thái Cực Quyền","我想学太极拳。","Wǒ xiǎng xué tàijíquán.","Tôi muốn học Thái Cực Quyền."
"Hán 2","Bài 22","第二十二课 我打算请老师教京剧","足球","zú qiú","bóng đá","这个词是足球。","Zhège cí shì zú qiú.","Từ này là '足球' (bóng đá)."
"Hán 2","Bài 22","第二十二课 我打算请老师教京剧","比赛","bǐ sài","thi đấu, trận đấu","这个词是比赛。","Zhège cí shì bǐ sài.","Từ này là '比赛' (thi đấu, trận đấu)."
"Hán 2","Bài 22","第二十二课 我打算请老师教京剧","网球","wǎng qiú","quần vợt","这个词是网球。","Zhège cí shì wǎng qiú.","Từ này là '网球' (quần vợt)."
"Hán 2","Bài 22","第二十二课 我打算请老师教京剧","武术","wǔ shù","võ thuật","这个词是武术。","Zhège cí shì wǔ shù.","Từ này là '武术' (võ thuật)."
"Hán 2","Bài 22","第二十二课 我打算请老师教京剧","惊讶","jīng yà","ngạc nhiên","这个词是惊讶。","Zhège cí shì jīng yà.","Từ này là '惊讶' (ngạc nhiên)."
"Hán 2","Bài 22","第二十二课 我打算请老师教京剧","老外","lǎo wài","người nước ngoài","这个词是老外。","Zhège cí shì lǎo wài.","Từ này là '老外' (người nước ngoài)."
"Hán 2","Bài 22","第二十二课 我打算请老师教京剧","笔记本","bǐ jì běn","máy tính xách tay; vở","这个词是笔记本。","Zhège cí shì bǐ jì běn.","Từ này là '笔记本' (máy tính xách tay; vở)."
"Hán 2","Bài 22","第二十二课 我打算请老师教京剧","希望","xī wàng","hy vọng","这个词是希望。","Zhège cí shì xī wàng.","Từ này là '希望' (hy vọng)."
"Hán 2","Bài 22","第二十二课 我打算请老师教京剧","演出","yǎn chū","biểu diễn","这个词是演出。","Zhège cí shì yǎn chū.","Từ này là '演出' (biểu diễn)."
"Hán 2","Bài 23","第二十三课 学校里边有邮局吗","边","biān","bên, phía","这个词是边。","Zhège cí shì biān.","Từ này là '边' (bên, phía)."
"Hán 2","Bài 23","第二十三课 学校里边有邮局吗","东边","dōng biān","phía đông","这个词是东边。","Zhège cí shì dōng biān.","Từ này là '东边' (phía đông)."
"Hán 2","Bài 23","第二十三课 学校里边有邮局吗","西边","xī biān","phía tây","这个词是西边。","Zhège cí shì xī biān.","Từ này là '西边' (phía tây)."
"Hán 2","Bài 23","第二十三课 学校里边有邮局吗","南边","nán biān","phía nam","这个词是南边。","Zhège cí shì nán biān.","Từ này là '南边' (phía nam)."
"Hán 2","Bài 23","第二十三课 学校里边有邮局吗","北边","běi biān","phía bắc","这个词是北边。","Zhège cí shì běi biān.","Từ này là '北边' (phía bắc)."
"Hán 2","Bài 23","第二十三课 学校里边有邮局吗","前边","qián biān","phía trước","这个词是前边。","Zhège cí shì qián biān.","Từ này là '前边' (phía trước)."
"Hán 2","Bài 23","第二十三课 学校里边有邮局吗","后边","hòu biān","phía sau","这个词是后边。","Zhège cí shì hòu biān.","Từ này là '后边' (phía sau)."
"Hán 2","Bài 23","第二十三课 学校里边有邮局吗","左边","zuǒ biān","bên trái","这个词是左边。","Zhège cí shì zuǒ biān.","Từ này là '左边' (bên trái)."
"Hán 2","Bài 23","第二十三课 学校里边有邮局吗","右边","yòu biān","bên phải","这个词是右边。","Zhège cí shì yòu biān.","Từ này là '右边' (bên phải)."
"Hán 2","Bài 23","第二十三课 学校里边有邮局吗","里边","lǐ biān","bên trong","这个词是里边。","Zhège cí shì lǐ biān.","Từ này là '里边' (bên trong)."
"Hán 2","Bài 23","第二十三课 学校里边有邮局吗","外边","wài biān","bên ngoài","这个词是外边。","Zhège cí shì wài biān.","Từ này là '外边' (bên ngoài)."
"Hán 2","Bài 23","第二十三课 学校里边有邮局吗","上边","shàng biān","bên trên","这个词是上边。","Zhège cí shì shàng biān.","Từ này là '上边' (bên trên)."
"Hán 2","Bài 23","第二十三课 学校里边有邮局吗","下边","xià biān","bên dưới","这个词是下边。","Zhège cí shì xià biān.","Từ này là '下边' (bên dưới)."
"Hán 2","Bài 23","第二十三课 学校里边有邮局吗","离","lí","cách","这个词是离。","Zhège cí shì lí.","Từ này là '离' (cách)."
"Hán 2","Bài 23","第二十三课 学校里边有邮局吗","远","yuǎn","xa","这个词是远。","Zhège cí shì yuǎn.","Từ này là '远' (xa)."
"Hán 2","Bài 23","第二十三课 学校里边有邮局吗","近","jìn","gần","这个词是近。","Zhège cí shì jìn.","Từ này là '近' (gần)."
"Hán 2","Bài 23","第二十三课 学校里边有邮局吗","地方","dì fāng","nơi, chỗ","这个词是地方。","Zhège cí shì dì fāng.","Từ này là '地方' (nơi, chỗ)."
"Hán 2","Bài 23","第二十三课 学校里边有邮局吗","足球场","zú qiú chǎng","sân bóng đá","这个词是足球场。","Zhège cí shì zú qiú chǎng.","Từ này là '足球场' (sân bóng đá)."
"Hán 2","Bài 23","第二十三课 学校里边有邮局吗","足球","zú qiú","bóng đá","这个词是足球。","Zhège cí shì zú qiú.","Từ này là '足球' (bóng đá)."
"Hán 2","Bài 23","第二十三课 学校里边有邮局吗","劳驾","láo jià","làm phiền, xin hỏi","这个词是劳驾。","Zhège cí shì láo jià.","Từ này là '劳驾' (làm phiền, xin hỏi)."
"Hán 2","Bài 23","第二十三课 学校里边有邮局吗","打听","dǎ tīng","hỏi thăm","这个词是打听。","Zhège cí shì dǎ tīng.","Từ này là '打听' (hỏi thăm)."
"Hán 2","Bài 23","第二十三课 学校里边有邮局吗","博物馆","bó wù guǎn","bảo tàng","这个词是博物馆。","Zhège cí shì bó wù guǎn.","Từ này là '博物馆' (bảo tàng)."
"Hán 2","Bài 23","第二十三课 学校里边有邮局吗","和平","hé píng","hòa bình","这个词是和平。","Zhège cí shì hé píng.","Từ này là '和平' (hòa bình)."
"Hán 2","Bài 23","第二十三课 学校里边有邮局吗","广场","guǎng chǎng","quảng trường","这个词是广场。","Zhège cí shì guǎng chǎng.","Từ này là '广场' (quảng trường)."
"Hán 2","Bài 23","第二十三课 学校里边有邮局吗","中间","zhōng jiān","ở giữa","这个词是中间。","Zhège cí shì zhōng jiān.","Từ này là '中间' (ở giữa)."
"Hán 2","Bài 23","第二十三课 学校里边有邮局吗","从","cóng","từ","这个词是从。","Zhège cí shì cóng.","Từ này là '从' (từ)."
"Hán 2","Bài 23","第二十三课 学校里边有邮局吗","到","dào","đến","这个词是到。","Zhège cí shì dào.","Từ này là '到' (đến)."
"Hán 2","Bài 23","第二十三课 学校里边有邮局吗","米","mǐ","mét","这个词是米。","Zhège cí shì mǐ.","Từ này là '米' (mét)."
"Hán 2","Bài 23","第二十三课 学校里边有邮局吗","一直","yì zhí","thẳng, một mạch","这个词是一直。","Zhège cí shì yì zhí.","Từ này là '一直' (thẳng, một mạch)."
"Hán 2","Bài 23","第二十三课 学校里边有邮局吗","红绿灯","hóng lǜ dēng","đèn giao thông","这个词是红绿灯。","Zhège cí shì hóng lǜ dēng.","Từ này là '红绿灯' (đèn giao thông)."
"Hán 2","Bài 23","第二十三课 学校里边有邮局吗","绿灯","lǜ dēng","đèn xanh","这个词是绿灯。","Zhège cí shì lǜ dēng.","Từ này là '绿灯' (đèn xanh)."
"Hán 2","Bài 23","第二十三课 学校里边有邮局吗","灯","dēng","đèn","这个词是灯。","Zhège cí shì dēng.","Từ này là '灯' (đèn)."
"Hán 2","Bài 23","第二十三课 学校里边有邮局吗","往","wǎng","hướng về","这个词是往。","Zhège cí shì wǎng.","Từ này là '往' (hướng về)."
"Hán 2","Bài 23","第二十三课 学校里边有邮局吗","左","zuǒ","trái","这个词是左。","Zhège cí shì zuǒ.","Từ này là '左' (trái)."
"Hán 2","Bài 23","第二十三课 学校里边有邮局吗","右","yòu","phải","这个词是右。","Zhège cí shì yòu.","Từ này là '右' (phải)."
"Hán 2","Bài 23","第二十三课 学校里边有邮局吗","拐","guǎi","rẽ","这个词是拐。","Zhège cí shì guǎi.","Từ này là '拐' (rẽ)."
"Hán 2","Bài 23","第二十三课 学校里边有邮局吗","马路","mǎ lù","đường lớn","这个词是马路。","Zhège cí shì mǎ lù.","Từ này là '马路' (đường lớn)."
"Hán 2","Bài 23","第二十三课 学校里边有邮局吗","座","zuò","tòa, ngọn; lượng từ","这个词是座。","Zhège cí shì zuò.","Từ này là '座' (tòa, ngọn; lượng từ)."
"Hán 2","Bài 23","第二十三课 学校里边有邮局吗","白色","bái sè","màu trắng","这个词是白色。","Zhège cí shì bái sè.","Từ này là '白色' (màu trắng)."
"Hán 2","Bài 23","第二十三课 学校里边有邮局吗","平方米","píng fāng mǐ","mét vuông","这个词是平方米。","Zhège cí shì píng fāng mǐ.","Từ này là '平方米' (mét vuông)."
"Hán 2","Bài 23","第二十三课 学校里边有邮局吗","高","gāo","cao","这个词是高。","Zhège cí shì gāo.","Từ này là '高' (cao)."
"Hán 2","Bài 23","第二十三课 学校里边有邮局吗","迷路","mí lù","lạc đường","这个词是迷路。","Zhège cí shì mí lù.","Từ này là '迷路' (lạc đường)."
"Hán 2","Bài 23","第二十三课 学校里边有邮局吗","公共汽车","gōng gòng qì chē","xe buýt","这个词是公共汽车。","Zhège cí shì gōng gòng qì chē.","Từ này là '公共汽车' (xe buýt)."
"Hán 2","Bài 23","第二十三课 学校里边有邮局吗","出租车","chū zū chē","taxi","这个词是出租车。","Zhège cí shì chū zū chē.","Từ này là '出租车' (taxi)."
"Hán 2","Bài 23","第二十三课 学校里边有邮局吗","司机","sī jī","tài xế","这个词是司机。","Zhège cí shì sī jī.","Từ này là '司机' (tài xế)."
"Hán 2","Bài 23","第二十三课 学校里边有邮局吗","算了吧","suàn le ba","thôi vậy, bỏ đi","这个词是算了吧。","Zhège cí shì suàn le ba.","Từ này là '算了吧' (thôi vậy, bỏ đi)."
"Hán 2","Bài 24","第二十四课 我想学太极拳","会","huì","biết, có thể","这个词是会。","Zhège cí shì huì.","Từ này là '会' (biết, có thể)."
"Hán 2","Bài 24","第二十四课 我想学太极拳","打","dǎ","đánh, chơi","这个词是打。","Zhège cí shì dǎ.","Từ này là '打' (đánh, chơi)."
"Hán 2","Bài 24","第二十四课 我想学太极拳","太极拳","tài jí quán","Thái Cực Quyền","我想学太极拳。","Wǒ xiǎng xué tàijíquán.","Tôi muốn học Thái Cực Quyền."
"Hán 2","Bài 24","第二十四课 我想学太极拳","听说","tīng shuō","nghe nói","这个词是听说。","Zhège cí shì tīng shuō.","Từ này là '听说' (nghe nói)."
"Hán 2","Bài 24","第二十四课 我想学太极拳","下","xià","dưới; tiếp theo","这个词是下。","Zhège cí shì xià.","Từ này là '下' (dưới; tiếp theo)."
"Hán 2","Bài 24","第二十四课 我想学太极拳","报名","bào míng","đăng ký","这个词是报名。","Zhège cí shì bào míng.","Từ này là '报名' (đăng ký)."
"Hán 2","Bài 24","第二十四课 我想学太极拳","开始","kāi shǐ","bắt đầu","这个词是开始。","Zhège cí shì kāi shǐ.","Từ này là '开始' (bắt đầu)."
"Hán 2","Bài 24","第二十四课 我想学太极拳","能","néng","có thể","这个词是能。","Zhège cí shì néng.","Từ này là '能' (có thể)."
"Hán 2","Bài 24","第二十四课 我想学太极拳","再","zài","lại, thêm lần nữa","这个词是再。","Zhège cí shì zài.","Từ này là '再' (lại, thêm lần nữa)."
"Hán 2","Bài 24","第二十四课 我想学太极拳","遍","biàn","lần, lượt","这个词是遍。","Zhège cí shì biàn.","Từ này là '遍' (lần, lượt)."
"Hán 2","Bài 24","第二十四课 我想学太极拳","懂","dǒng","hiểu","这个词是懂。","Zhège cí shì dǒng.","Từ này là '懂' (hiểu)."
"Hán 2","Bài 24","第二十四课 我想学太极拳","舒服","shū fú","thoải mái","这个词是舒服。","Zhège cí shì shū fú.","Từ này là '舒服' (thoải mái)."
"Hán 2","Bài 24","第二十四课 我想学太极拳","意思","yì si","ý nghĩa","这个词是意思。","Zhège cí shì yì si.","Từ này là '意思' (ý nghĩa)."
"Hán 2","Bài 24","第二十四课 我想学太极拳","次","cì","lần","这个词是次。","Zhège cí shì cì.","Từ này là '次' (lần)."
"Hán 2","Bài 24","第二十四课 我想学太极拳","小时","xiǎo shí","giờ, tiếng đồng hồ","这个词是小时。","Zhège cí shì xiǎo shí.","Từ này là '小时' (giờ, tiếng đồng hồ)."
"Hán 2","Bài 24","第二十四课 我想学太极拳","请假","qǐng jià","xin nghỉ phép","这个词是请假。","Zhège cí shì qǐng jià.","Từ này là '请假' (xin nghỉ phép)."
"Hán 2","Bài 24","第二十四课 我想学太极拳","头疼","tóu téng","đau đầu","这个词是头疼。","Zhège cí shì tóu téng.","Từ này là '头疼' (đau đầu)."
"Hán 2","Bài 24","第二十四课 我想学太极拳","头","tóu","đầu","这个词是头。","Zhège cí shì tóu.","Từ này là '头' (đầu)."
"Hán 2","Bài 24","第二十四课 我想学太极拳","疼","téng","đau","这个词是疼。","Zhège cí shì téng.","Từ này là '疼' (đau)."
"Hán 2","Bài 24","第二十四课 我想学太极拳","发烧","fā shāo","sốt","这个词是发烧。","Zhège cí shì fā shāo.","Từ này là '发烧' (sốt)."
"Hán 2","Bài 24","第二十四课 我想学太极拳","可能","kě néng","có thể, có lẽ","这个词是可能。","Zhège cí shì kě néng.","Từ này là '可能' (có thể, có lẽ)."
"Hán 2","Bài 24","第二十四课 我想学太极拳","咳嗽","ké sòu","ho","这个词是咳嗽。","Zhège cí shì ké sòu.","Từ này là '咳嗽' (ho)."
"Hán 2","Bài 24","第二十四课 我想学太极拳","感冒","gǎn mào","cảm cúm","这个词是感冒。","Zhège cí shì gǎn mào.","Từ này là '感冒' (cảm cúm)."
"Hán 2","Bài 24","第二十四课 我想学太极拳","了","le","trợ từ; rồi","这个词是了。","Zhège cí shì le.","Từ này là '了' (trợ từ; rồi)."
"Hán 2","Bài 24","第二十四课 我想学太极拳","看病","kàn bìng","khám bệnh","这个词是看病。","Zhège cí shì kàn bìng.","Từ này là '看病' (khám bệnh)."
"Hán 2","Bài 24","第二十四课 我想学太极拳","病","bìng","ốm, bệnh","这个词是病。","Zhège cí shì bìng.","Từ này là '病' (ốm, bệnh)."
"Hán 2","Bài 24","第二十四课 我想学太极拳","开车","kāi chē","lái xe","这个词是开车。","Zhège cí shì kāi chē.","Từ này là '开车' (lái xe)."
"Hán 2","Bài 24","第二十四课 我想学太极拳","游泳","yóu yǒng","bơi","这个词是游泳。","Zhège cí shì yóu yǒng.","Từ này là '游泳' (bơi)."
"Hán 2","Bài 24","第二十四课 我想学太极拳","钓鱼","diào yú","câu cá","这个词是钓鱼。","Zhège cí shì diào yú.","Từ này là '钓鱼' (câu cá)."
"Hán 2","Bài 24","第二十四课 我想学太极拳","停车","tíng chē","đỗ xe","这个词是停车。","Zhège cí shì tíng chē.","Từ này là '停车' (đỗ xe)."
"Hán 2","Bài 24","第二十四课 我想学太极拳","滑冰","huá bīng","trượt băng","这个词是滑冰。","Zhège cí shì huá bīng.","Từ này là '滑冰' (trượt băng)."
"Hán 2","Bài 24","第二十四课 我想学太极拳","拍照","pāi zhào","chụp ảnh","这个词是拍照。","Zhège cí shì pāi zhào.","Từ này là '拍照' (chụp ảnh)."
"Hán 2","Bài 24","第二十四课 我想学太极拳","抽烟","chōu yān","hút thuốc","这个词是抽烟。","Zhège cí shì chōu yān.","Từ này là '抽烟' (hút thuốc)."
"Hán 2","Bài 24","第二十四课 我想学太极拳","吸烟","xī yān","hút thuốc","这个词是吸烟。","Zhège cí shì xī yān.","Từ này là '吸烟' (hút thuốc)."
"Hán 2","Bài 24","第二十四课 我想学太极拳","唱歌","chàng gē","hát","这个词是唱歌。","Zhège cí shì chàng gē.","Từ này là '唱歌' (hát)."
"Hán 2","Bài 24","第二十四课 我想学太极拳","跳舞","tiào wǔ","khiêu vũ","这个词是跳舞。","Zhège cí shì tiào wǔ.","Từ này là '跳舞' (khiêu vũ)."
"Hán 2","Bài 24","第二十四课 我想学太极拳","打篮球","dǎ lán qiú","chơi bóng rổ","这个词是打篮球。","Zhège cí shì dǎ lán qiú.","Từ này là '打篮球' (chơi bóng rổ)."
"Hán 2","Bài 24","第二十四课 我想学太极拳","护照","hù zhào","hộ chiếu","这个词是护照。","Zhège cí shì hù zhào.","Từ này là '护照' (hộ chiếu)."
"Hán 2","Bài 24","第二十四课 我想学太极拳","驾照","jià zhào","bằng lái xe","这个词是驾照。","Zhège cí shì jià zhào.","Từ này là '驾照' (bằng lái xe)."
"Hán 2","Bài 25","第二十五课 她学得很好","电视台","diàn shì tái","đài truyền hình","这个词是电视台。","Zhège cí shì diàn shì tái.","Từ này là '电视台' (đài truyền hình)."
"Hán 2","Bài 25","第二十五课 她学得很好","表演","biǎo yǎn","biểu diễn","这个词是表演。","Zhège cí shì biǎo yǎn.","Từ này là '表演' (biểu diễn)."
"Hán 2","Bài 25","第二十五课 她学得很好","节目","jié mù","chương trình","这个词是节目。","Zhège cí shì jié mù.","Từ này là '节目' (chương trình)."
"Hán 2","Bài 25","第二十五课 她学得很好","愿意","yuàn yì","sẵn lòng, muốn","这个词是愿意。","Zhège cí shì yuàn yì.","Từ này là '愿意' (sẵn lòng, muốn)."
"Hán 2","Bài 25","第二十五课 她学得很好","为什么","wèi shén me","tại sao","这个词是为什么。","Zhège cí shì wèi shén me.","Từ này là '为什么' (tại sao)."
"Hán 2","Bài 25","第二十五课 她学得很好","得","de","trợ từ kết cấu nối bổ ngữ trạng thái","这个词是得。","Zhège cí shì de.","Từ này là '得' (trợ từ kết cấu nối bổ ngữ trạng thái)."
"Hán 2","Bài 25","第二十五课 她学得很好","不错","bù cuò","khá tốt","这个词是不错。","Zhège cí shì bù cuò.","Từ này là '不错' (khá tốt)."
"Hán 2","Bài 25","第二十五课 她学得很好","进步","jìn bù","tiến bộ","她有很大进步。","Tā yǒu hěn dà jìnbù.","Cô ấy tiến bộ rất nhiều."
"Hán 2","Bài 25","第二十五课 她学得很好","水平","shuǐ píng","trình độ","这个词是水平。","Zhège cí shì shuǐ píng.","Từ này là '水平' (trình độ)."
"Hán 2","Bài 25","第二十五课 她学得很好","提高","tí gāo","nâng cao","这个词是提高。","Zhège cí shì tí gāo.","Từ này là '提高' (nâng cao)."
"Hán 2","Bài 25","第二十五课 她学得很好","快","kuài","nhanh","这个词是快。","Zhège cí shì kuài.","Từ này là '快' (nhanh)."
"Hán 2","Bài 25","第二十五课 她学得很好","哪里","nǎ lǐ","đâu có; ở đâu","这个词是哪里。","Zhège cí shì nǎ lǐ.","Từ này là '哪里' (đâu có; ở đâu)."
"Hán 2","Bài 25","第二十五课 她学得很好","准","zhǔn","chuẩn, chính xác","这个词是准。","Zhège cí shì zhǔn.","Từ này là '准' (chuẩn, chính xác)."
"Hán 2","Bài 25","第二十五课 她学得很好","流利","liú lì","lưu loát","这个词是流利。","Zhège cí shì liú lì.","Từ này là '流利' (lưu loát)."
"Hán 2","Bài 25","第二十五课 她学得很好","努力","nǔ lì","cố gắng","这个词是努力。","Zhège cí shì nǔ lì.","Từ này là '努力' (cố gắng)."
"Hán 2","Bài 25","第二十五课 她学得很好","认真","rèn zhēn","chăm chỉ, nghiêm túc","这个词是认真。","Zhège cí shì rèn zhēn.","Từ này là '认真' (chăm chỉ, nghiêm túc)."
"Hán 2","Bài 25","第二十五课 她学得很好","看","kàn","nhìn, xem, thấy","这个词是看。","Zhège cí shì kàn.","Từ này là '看' (nhìn, xem, thấy)."
"Hán 2","Bài 25","第二十五课 她学得很好","为","wèi","vì, để","这个词是为。","Zhège cí shì wèi.","Từ này là '为' (vì, để)."
"Hán 2","Bài 25","第二十五课 她学得很好","这么","zhè me","như thế này","这个词是这么。","Zhège cí shì zhè me.","Từ này là '这么' (như thế này)."
"Hán 2","Bài 25","第二十五课 她学得很好","那么","nà me","như thế kia","这个词是那么。","Zhège cí shì nà me.","Từ này là '那么' (như thế kia)."
"Hán 2","Bài 25","第二十五课 她学得很好","早","zǎo","sớm","这个词是早。","Zhège cí shì zǎo.","Từ này là '早' (sớm)."
"Hán 2","Bài 25","第二十五课 她学得很好","运动","yùn dòng","vận động, thể thao","这个词是运动。","Zhège cí shì yùn dòng.","Từ này là '运动' (vận động, thể thao)."
"Hán 2","Bài 25","第二十五课 她学得很好","跑步","pǎo bù","chạy bộ","这个词是跑步。","Zhège cí shì pǎo bù.","Từ này là '跑步' (chạy bộ)."
"Hán 2","Bài 25","第二十五课 她学得很好","跑","pǎo","chạy","这个词是跑。","Zhège cí shì pǎo.","Từ này là '跑' (chạy)."
"Hán 2","Bài 25","第二十五课 她学得很好","篮球","lán qiú","bóng rổ","这个词是篮球。","Zhège cí shì lán qiú.","Từ này là '篮球' (bóng rổ)."
"Hán 2","Bài 25","第二十五课 她学得很好","球","qiú","bóng","这个词是球。","Zhège cí shì qiú.","Từ này là '球' (bóng)."
"Hán 2","Bài 25","第二十五课 她学得很好","刚才","gāng cái","vừa rồi","这个词是刚才。","Zhège cí shì gāng cái.","Từ này là '刚才' (vừa rồi)."
"Hán 2","Bài 25","第二十五课 她学得很好","可以","kě yǐ","cũng được, tạm được","我可以试试吗？","Wǒ kěyǐ shìshi ma?","Tôi có thể thử không?"
"Hán 2","Bài 25","第二十五课 她学得很好","坚持","jiān chí","kiên trì","这个词是坚持。","Zhège cí shì jiān chí.","Từ này là '坚持' (kiên trì)."
"Hán 2","Bài 25","第二十五课 她学得很好","因为","yīn wèi","bởi vì","这个词是因为。","Zhège cí shì yīn wèi.","Từ này là '因为' (bởi vì)."
"Hán 2","Bài 25","第二十五课 她学得很好","晚","wǎn","muộn","这个词是晚。","Zhège cí shì wǎn.","Từ này là '晚' (muộn)."
"Hán 2","Bài 25","第二十五课 她学得很好","行","xíng","được, ổn","这个词是行。","Zhège cí shì xíng.","Từ này là '行' (được, ổn)."
"Hán 2","Bài 25","第二十五课 她学得很好","文章","wén zhāng","bài văn, bài viết","这个词是文章。","Zhège cí shì wén zhāng.","Từ này là '文章' (bài văn, bài viết)."
"Hán 2","Bài 25","第二十五课 她学得很好","摄影","shè yǐng","nhiếp ảnh","这个词是摄影。","Zhège cí shì shè yǐng.","Từ này là '摄影' (nhiếp ảnh)."
"Hán 2","Bài 26","第二十六课 田芳去哪儿了","喂","wèi","alo","这个词是喂。","Zhège cí shì wèi.","Từ này là '喂' (alo)."
"Hán 2","Bài 26","第二十六课 田芳去哪儿了","阿姨","ā yí","cô/dì, bác gái","这个词是阿姨。","Zhège cí shì ā yí.","Từ này là '阿姨' (cô/dì, bác gái)."
"Hán 2","Bài 26","第二十六课 田芳去哪儿了","中学","zhōng xué","trung học","这个词是中学。","Zhège cí shì zhōng xué.","Từ này là '中学' (trung học)."
"Hán 2","Bài 26","第二十六课 田芳去哪儿了","出国","chū guó","ra nước ngoài","这个词是出国。","Zhège cí shì chū guó.","Từ này là '出国' (ra nước ngoài)."
"Hán 2","Bài 26","第二十六课 田芳去哪儿了","打电话","dǎ diàn huà","gọi điện thoại","这个词是打电话。","Zhège cí shì dǎ diàn huà.","Từ này là '打电话' (gọi điện thoại)."
"Hán 2","Bài 26","第二十六课 田芳去哪儿了","关机","guān jī","tắt máy","这个词是关机。","Zhège cí shì guān jī.","Từ này là '关机' (tắt máy)."
"Hán 2","Bài 26","第二十六课 田芳去哪儿了","对了","duì le","à đúng rồi","这个词是对了。","Zhège cí shì duì le.","Từ này là '对了' (à đúng rồi)."
"Hán 2","Bài 26","第二十六课 田芳去哪儿了","忘","wàng","quên","这个词是忘。","Zhège cí shì wàng.","Từ này là '忘' (quên)."
"Hán 2","Bài 26","第二十六课 田芳去哪儿了","开机","kāi jī","mở máy","这个词是开机。","Zhège cí shì kāi jī.","Từ này là '开机' (mở máy)."
"Hán 2","Bài 26","第二十六课 田芳去哪儿了","又","yòu","lại","这个词是又。","Zhège cí shì yòu.","Từ này là '又' (lại)."
"Hán 2","Bài 26","第二十六课 田芳去哪儿了","响","xiǎng","reo, vang","这个词是响。","Zhège cí shì xiǎng.","Từ này là '响' (reo, vang)."
"Hán 2","Bài 26","第二十六课 田芳去哪儿了","接","jiē","nhận, nghe điện thoại","这个词是接。","Zhège cí shì jiē.","Từ này là '接' (nhận, nghe điện thoại)."
"Hán 2","Bài 26","第二十六课 田芳去哪儿了","踢","tī","đá","这个词是踢。","Zhège cí shì tī.","Từ này là '踢' (đá)."
"Hán 2","Bài 26","第二十六课 田芳去哪儿了","比赛","bǐ sài","thi đấu, trận đấu","这个词是比赛。","Zhège cí shì bǐ sài.","Từ này là '比赛' (thi đấu, trận đấu)."
"Hán 2","Bài 26","第二十六课 田芳去哪儿了","队","duì","đội","这个词是队。","Zhège cí shì duì.","Từ này là '队' (đội)."
"Hán 2","Bài 26","第二十六课 田芳去哪儿了","输","shū","thua","这个词是输。","Zhège cí shì shū.","Từ này là '输' (thua)."
"Hán 2","Bài 26","第二十六课 田芳去哪儿了","赢","yíng","thắng","这个词是赢。","Zhège cí shì yíng.","Từ này là '赢' (thắng)."
"Hán 2","Bài 26","第二十六课 田芳去哪儿了","比","bǐ","so, tỉ số","这个词是比。","Zhège cí shì bǐ.","Từ này là '比' (so, tỉ số)."
"Hán 2","Bài 26","第二十六课 田芳去哪儿了","祝贺","zhù hè","chúc mừng","这个词是祝贺。","Zhège cí shì zhù hè.","Từ này là '祝贺' (chúc mừng)."
"Hán 2","Bài 26","第二十六课 田芳去哪儿了","哎","āi","này, ôi","这个词是哎。","Zhège cí shì āi.","Từ này là '哎' (này, ôi)."
"Hán 2","Bài 26","第二十六课 田芳去哪儿了","上","shàng","học, tham gia lớp","这个词是上。","Zhège cí shì shàng.","Từ này là '上' (học, tham gia lớp)."
"Hán 2","Bài 26","第二十六课 田芳去哪儿了","托福","tuō fú","TOEFL","这个词是托福。","Zhège cí shì tuō fú.","Từ này là '托福' (TOEFL)."
"Hán 2","Bài 26","第二十六课 田芳去哪儿了","已经","yǐ jīng","đã","我已经报名了。","Wǒ yǐjīng bàomíng le.","Tôi đã đăng ký rồi."
"Hán 2","Bài 26","第二十六课 田芳去哪儿了","考","kǎo","thi","这个词是考。","Zhège cí shì kǎo.","Từ này là '考' (thi)."
"Hán 2","Bài 26","第二十六课 田芳去哪儿了","陪","péi","đi cùng","这个词是陪。","Zhège cí shì péi.","Từ này là '陪' (đi cùng)."
"Hán 2","Bài 26","第二十六课 田芳去哪儿了","考试","kǎo shì","thi, kỳ thi","我都做对了。","Wǒ dōu zuò duì le.","Tôi làm đúng hết rồi."
"Hán 2","Bài 26","第二十六课 田芳去哪儿了","得","dé","được, đạt","这个词是得。","Zhège cí shì dé.","Từ này là '得' (được, đạt)."
"Hán 2","Bài 26","第二十六课 田芳去哪儿了","满分","mǎn fēn","điểm tối đa","这个词是满分。","Zhège cí shì mǎn fēn.","Từ này là '满分' (điểm tối đa)."
"Hán 2","Bài 26","第二十六课 田芳去哪儿了","最","zuì","nhất","这个词是最。","Zhège cí shì zuì.","Từ này là '最' (nhất)."
"Hán 2","Bài 26","第二十六课 田芳去哪儿了","奖学金","jiǎng xué jīn","học bổng","这个词是奖学金。","Zhège cí shì jiǎng xué jīn.","Từ này là '奖学金' (học bổng)."
"Hán 2","Bài 26","第二十六课 田芳去哪儿了","送行","sòng xíng","tiễn đưa","这个词是送行。","Zhège cí shì sòng xíng.","Từ này là '送行' (tiễn đưa)."
"Hán 2","Bài 26","第二十六课 田芳去哪儿了","见面","jiàn miàn","gặp mặt","这个词是见面。","Zhège cí shì jiàn miàn.","Từ này là '见面' (gặp mặt)."
"Hán 2","Bài 26","第二十六课 田芳去哪儿了","预祝","yù zhù","chúc trước","这个词是预祝。","Zhège cí shì yù zhù.","Từ này là '预祝' (chúc trước)."
"Hán 2","Bài 26","第二十六课 田芳去哪儿了","成功","chéng gōng","thành công","这个词是成功。","Zhège cí shì chéng gōng.","Từ này là '成功' (thành công)."
"Hán 2","Bài 27","第二十七课 玛丽哭了","了","le","trợ từ; rồi","这个词是了。","Zhège cí shì le.","Từ này là '了' (trợ từ; rồi)."
"Hán 2","Bài 27","第二十七课 玛丽哭了","病人","bìng rén","bệnh nhân","这个词是病人。","Zhège cí shì bìng rén.","Từ này là '病人' (bệnh nhân)."
"Hán 2","Bài 27","第二十七课 玛丽哭了","肚子","dǔ zi","bụng","我肚子疼。","Wǒ dùzi téng.","Tôi đau bụng."
"Hán 2","Bài 27","第二十七课 玛丽哭了","厉害","lì hài","dữ dội, nghiêm trọng","这个词是厉害。","Zhège cí shì lì hài.","Từ này là '厉害' (dữ dội, nghiêm trọng)."
"Hán 2","Bài 27","第二十七课 玛丽哭了","片","piàn","viên, lát; lượng từ","这个词是片。","Zhège cí shì piàn.","Từ này là '片' (viên, lát; lượng từ)."
"Hán 2","Bài 27","第二十七课 玛丽哭了","拉肚子","lā dù zi","tiêu chảy","这个词是拉肚子。","Zhège cí shì lā dù zi.","Từ này là '拉肚子' (tiêu chảy)."
"Hán 2","Bài 27","第二十七课 玛丽哭了","鱼","yú","cá","这个词是鱼。","Zhège cí shì yú.","Từ này là '鱼' (cá)."
"Hán 2","Bài 27","第二十七课 玛丽哭了","牛肉","niú ròu","thịt bò","这个词是牛肉。","Zhège cí shì niú ròu.","Từ này là '牛肉' (thịt bò)."
"Hán 2","Bài 27","第二十七课 玛丽哭了","化验","huà yàn","xét nghiệm","这个词是化验。","Zhège cí shì huà yàn.","Từ này là '化验' (xét nghiệm)."
"Hán 2","Bài 27","第二十七课 玛丽哭了","大便","dà biàn","đại tiện; phân","这个词是大便。","Zhège cí shì dà biàn.","Từ này là '大便' (đại tiện; phân)."
"Hán 2","Bài 27","第二十七课 玛丽哭了","小便","xiǎo biàn","tiểu tiện","这个词是小便。","Zhège cí shì xiǎo biàn.","Từ này là '小便' (tiểu tiện)."
"Hán 2","Bài 27","第二十七课 玛丽哭了","检查","jiǎn chá","kiểm tra","这个词是检查。","Zhège cí shì jiǎn chá.","Từ này là '检查' (kiểm tra)."
"Hán 2","Bài 27","第二十七课 玛丽哭了","结果","jié guǒ","kết quả","这个词是结果。","Zhège cí shì jié guǒ.","Từ này là '结果' (kết quả)."
"Hán 2","Bài 27","第二十七课 玛丽哭了","出来","chūlai","ra, hiện ra","这个词是出来。","Zhège cí shì chūlai.","Từ này là '出来' (ra, hiện ra)."
"Hán 2","Bài 27","第二十七课 玛丽哭了","得","dé","bị, mắc; được","这个词是得。","Zhège cí shì dé.","Từ này là '得' (bị, mắc; được)."
"Hán 2","Bài 27","第二十七课 玛丽哭了","肠炎","cháng yán","viêm ruột","这个词是肠炎。","Zhège cí shì cháng yán.","Từ này là '肠炎' (viêm ruột)."
"Hán 2","Bài 27","第二十七课 玛丽哭了","消化","xiāo huà","tiêu hóa","这个词是消化。","Zhège cí shì xiāo huà.","Từ này là '消化' (tiêu hóa)."
"Hán 2","Bài 27","第二十七课 玛丽哭了","开药","kāi yào","kê thuốc","这个词是开药。","Zhège cí shì kāi yào.","Từ này là '开药' (kê thuốc)."
"Hán 2","Bài 27","第二十七课 玛丽哭了","打针","dǎ zhēn","tiêm","这个词是打针。","Zhège cí shì dǎ zhēn.","Từ này là '打针' (tiêm)."
"Hán 2","Bài 27","第二十七课 玛丽哭了","后","hòu","sau","这个词是后。","Zhège cí shì hòu.","Từ này là '后' (sau)."
"Hán 2","Bài 27","第二十七课 玛丽哭了","哭","kū","khóc","这个词是哭。","Zhège cí shì kū.","Từ này là '哭' (khóc)."
"Hán 2","Bài 27","第二十七课 玛丽哭了","寂寞","jì mò","cô đơn","这个词是寂寞。","Zhège cí shì jì mò.","Từ này là '寂寞' (cô đơn)."
"Hán 2","Bài 27","第二十七课 玛丽哭了","所以","suǒ yǐ","cho nên","这个词是所以。","Zhège cí shì suǒ yǐ.","Từ này là '所以' (cho nên)."
"Hán 2","Bài 27","第二十七课 玛丽哭了","别","bié","đừng","这个词是别。","Zhège cí shì bié.","Từ này là '别' (đừng)."
"Hán 2","Bài 27","第二十七课 玛丽哭了","难过","nán guò","buồn","这个词是难过。","Zhège cí shì nán guò.","Từ này là '难过' (buồn)."
"Hán 2","Bài 27","第二十七课 玛丽哭了","礼堂","lǐ táng","hội trường","这个词是礼堂。","Zhège cí shì lǐ táng.","Từ này là '礼堂' (hội trường)."
"Hán 2","Bài 27","第二十七课 玛丽哭了","舞会","wǔ huì","vũ hội","这个词是舞会。","Zhège cí shì wǔ huì.","Từ này là '舞会' (vũ hội)."
"Hán 2","Bài 27","第二十七课 玛丽哭了","跳舞","tiào wǔ","khiêu vũ","这个词是跳舞。","Zhège cí shì tiào wǔ.","Từ này là '跳舞' (khiêu vũ)."
"Hán 2","Bài 27","第二十七课 玛丽哭了","嗓子","sǎng zi","cổ họng","这个词是嗓子。","Zhège cí shì sǎng zi.","Từ này là '嗓子' (cổ họng)."
"Hán 2","Bài 27","第二十七课 玛丽哭了","出汗","chū hàn","ra mồ hôi","这个词是出汗。","Zhège cí shì chū hàn.","Từ này là '出汗' (ra mồ hôi)."
"Hán 2","Bài 28","第二十八课 我吃了早饭就来了","租","zū","thuê","这个词是租。","Zhège cí shì zū.","Từ này là '租' (thuê)."
"Hán 2","Bài 28","第二十八课 我吃了早饭就来了","套","tào","bộ, căn; lượng từ","这个词是套。","Zhège cí shì tào.","Từ này là '套' (bộ, căn; lượng từ)."
"Hán 2","Bài 28","第二十八课 我吃了早饭就来了","房子","fáng zi","nhà, phòng","我想租一套房子。","Wǒ xiǎng zū yí tào fángzi.","Tôi muốn thuê một căn nhà."
"Hán 2","Bài 28","第二十八课 我吃了早饭就来了","满意","mǎn yì","hài lòng","这个词是满意。","Zhège cí shì mǎn yì.","Từ này là '满意' (hài lòng)."
"Hán 2","Bài 28","第二十八课 我吃了早饭就来了","有的","yǒu de","có cái/có người","这个词是有的。","Zhège cí shì yǒu de.","Từ này là '有的' (có cái/có người)."
"Hán 2","Bài 28","第二十八课 我吃了早饭就来了","周围","zhōu wéi","xung quanh","这个词是周围。","Zhège cí shì zhōu wéi.","Từ này là '周围' (xung quanh)."
"Hán 2","Bài 28","第二十八课 我吃了早饭就来了","环境","huán jìng","môi trường","这个词是环境。","Zhège cí shì huán jìng.","Từ này là '环境' (môi trường)."
"Hán 2","Bài 28","第二十八课 我吃了早饭就来了","乱","luàn","lộn xộn","这个词是乱。","Zhège cí shì luàn.","Từ này là '乱' (lộn xộn)."
"Hán 2","Bài 28","第二十八课 我吃了早饭就来了","厨房","chú fáng","nhà bếp","这个词是厨房。","Zhège cí shì chú fáng.","Từ này là '厨房' (nhà bếp)."
"Hán 2","Bài 28","第二十八课 我吃了早饭就来了","卧室","wò shì","phòng ngủ","这个词是卧室。","Zhège cí shì wò shì.","Từ này là '卧室' (phòng ngủ)."
"Hán 2","Bài 28","第二十八课 我吃了早饭就来了","客厅","kè tīng","phòng khách","这个词是客厅。","Zhège cí shì kè tīng.","Từ này là '客厅' (phòng khách)."
"Hán 2","Bài 28","第二十八课 我吃了早饭就来了","面积","miàn jī","diện tích","这个词是面积。","Zhège cí shì miàn jī.","Từ này là '面积' (diện tích)."
"Hán 2","Bài 28","第二十八课 我吃了早饭就来了","层","céng","tầng","这个词是层。","Zhège cí shì céng.","Từ này là '层' (tầng)."
"Hán 2","Bài 28","第二十八课 我吃了早饭就来了","平方米","píng fāng mǐ","mét vuông","这个词是平方米。","Zhège cí shì píng fāng mǐ.","Từ này là '平方米' (mét vuông)."
"Hán 2","Bài 28","第二十八课 我吃了早饭就来了","上去","shàngqu","đi lên","这个词是上去。","Zhège cí shì shàngqu.","Từ này là '上去' (đi lên)."
"Hán 2","Bài 28","第二十八课 我吃了早饭就来了","阳光","yáng guāng","ánh nắng","这个词是阳光。","Zhège cí shì yáng guāng.","Từ này là '阳光' (ánh nắng)."
"Hán 2","Bài 28","第二十八课 我吃了早饭就来了","还是","hái shì","vẫn; vẫn là nên","这个词是还是。","Zhège cí shì hái shì.","Từ này là '还是' (vẫn; vẫn là nên)."
"Hán 2","Bài 28","第二十八课 我吃了早饭就来了","妻子","qī zǐ","vợ","这个词是妻子。","Zhège cí shì qī zǐ.","Từ này là '妻子' (vợ)."
"Hán 2","Bài 28","第二十八课 我吃了早饭就来了","情况","qíng kuàng","tình hình","这个词是情况。","Zhège cí shì qíng kuàng.","Từ này là '情况' (tình hình)."
"Hán 2","Bài 28","第二十八课 我吃了早饭就来了","才","cái","mới, chỉ","这个词是才。","Zhège cí shì cái.","Từ này là '才' (mới, chỉ)."
"Hán 2","Bài 28","第二十八课 我吃了早饭就来了","堵车","dǔ chē","kẹt xe","这个词是堵车。","Zhège cí shì dǔ chē.","Từ này là '堵车' (kẹt xe)."
"Hán 2","Bài 28","第二十八课 我吃了早饭就来了","赶","gǎn","đuổi kịp, gấp","这个词是赶。","Zhège cí shì gǎn.","Từ này là '赶' (đuổi kịp, gấp)."
"Hán 2","Bài 28","第二十八课 我吃了早饭就来了","要是","yào shì","nếu","这个词是要是。","Zhège cí shì yào shì.","Từ này là '要是' (nếu)."
"Hán 2","Bài 28","第二十八课 我吃了早饭就来了","房租","fáng zū","tiền thuê nhà","这个词是房租。","Zhège cí shì fáng zū.","Từ này là '房租' (tiền thuê nhà)."
"Hán 2","Bài 28","第二十八课 我吃了早饭就来了","虽然","suī rán","tuy rằng","这个词是虽然。","Zhège cí shì suī rán.","Từ này là '虽然' (tuy rằng)."
"Hán 2","Bài 28","第二十八课 我吃了早饭就来了","真","zhēn","thật","这个词是真。","Zhège cí shì zhēn.","Từ này là '真' (thật)."
"Hán 2","Bài 28","第二十八课 我吃了早饭就来了","条","tiáo","lượng từ cho sông/đường/vật dài","这个词是条。","Zhège cí shì tiáo.","Từ này là '条' (lượng từ cho sông/đường/vật dài)."
"Hán 2","Bài 28","第二十八课 我吃了早饭就来了","河","hé","sông","这个词是河。","Zhège cí shì hé.","Từ này là '河' (sông)."
"Hán 2","Bài 28","第二十八课 我吃了早饭就来了","交通","jiāo tōng","giao thông","这个词是交通。","Zhège cí shì jiāo tōng.","Từ này là '交通' (giao thông)."
"Hán 2","Bài 28","第二十八课 我吃了早饭就来了","方便","fāng biàn","thuận tiện","这个词是方便。","Zhège cí shì fāng biàn.","Từ này là '方便' (thuận tiện)."
"Hán 2","Bài 28","第二十八课 我吃了早饭就来了","站","zhàn","trạm, bến","这个词是站。","Zhège cí shì zhàn.","Từ này là '站' (trạm, bến)."
"Hán 2","Bài 28","第二十八课 我吃了早饭就来了","公共汽车","gōng gòng qì chē","xe buýt","这个词是公共汽车。","Zhège cí shì gōng gòng qì chē.","Từ này là '公共汽车' (xe buýt)."
"Hán 2","Bài 28","第二十八课 我吃了早饭就来了","车站","chē zhàn","bến xe, nhà ga","这个词是车站。","Zhège cí shì chē zhàn.","Từ này là '车站' (bến xe, nhà ga)."
"Hán 2","Bài 28","第二十八课 我吃了早饭就来了","旁边","páng biān","bên cạnh","这个词是旁边。","Zhège cí shì páng biān.","Từ này là '旁边' (bên cạnh)."
"Hán 2","Bài 28","第二十八课 我吃了早饭就来了","地铁","dì tiě","tàu điện ngầm","这个词是地铁。","Zhège cí shì dì tiě.","Từ này là '地铁' (tàu điện ngầm)."
"Hán 2","Bài 28","第二十八课 我吃了早饭就来了","附近","fù jìn","gần đây, phụ cận","这个词是附近。","Zhège cí shì fù jìn.","Từ này là '附近' (gần đây, phụ cận)."
"Hán 2","Bài 28","第二十八课 我吃了早饭就来了","体育馆","tǐ yù guǎn","nhà thi đấu","这个词是体育馆。","Zhège cí shì tǐ yù guǎn.","Từ này là '体育馆' (nhà thi đấu)."
"Hán 2","Bài 29","第二十九课 我都做对了","考试","kǎo shì","thi, kỳ thi","我都做对了。","Wǒ dōu zuò duì le.","Tôi làm đúng hết rồi."
"Hán 2","Bài 29","第二十九课 我都做对了","题","tí","đề, câu hỏi","这个词是题。","Zhège cí shì tí.","Từ này là '题' (đề, câu hỏi)."
"Hán 2","Bài 29","第二十九课 我都做对了","完","wán","xong","这个词是完。","Zhège cí shì wán.","Từ này là '完' (xong)."
"Hán 2","Bài 29","第二十九课 我都做对了","道","dào","lượng từ cho câu hỏi/món ăn","这个词是道。","Zhège cí shì dào.","Từ này là '道' (lượng từ cho câu hỏi/món ăn)."
"Hán 2","Bài 29","第二十九课 我都做对了","成绩","chéng jì","thành tích, điểm số","这个词是成绩。","Zhège cí shì chéng jì.","Từ này là '成绩' (thành tích, điểm số)."
"Hán 2","Bài 29","第二十九课 我都做对了","句子","jù zi","câu","这个词是句子。","Zhège cí shì jù zi.","Từ này là '句子' (câu)."
"Hán 2","Bài 29","第二十九课 我都做对了","干什么","gàn shénme","làm gì","这个词是干什么。","Zhège cí shì gàn shénme.","Từ này là '干什么' (làm gì)."
"Hán 2","Bài 29","第二十九课 我都做对了","干","gàn","làm","这个词是干。","Zhège cí shì gàn.","Từ này là '干' (làm)."
"Hán 2","Bài 29","第二十九课 我都做对了","看见","kàn jiàn","nhìn thấy","这个词是看见。","Zhège cí shì kàn jiàn.","Từ này là '看见' (nhìn thấy)."
"Hán 2","Bài 29","第二十九课 我都做对了","词","cí","từ","这个词是词。","Zhège cí shì cí.","Từ này là '词' (từ)."
"Hán 2","Bài 29","第二十九课 我都做对了","糟糕","zāo gāo","hỏng bét, tệ quá","这个词是糟糕。","Zhège cí shì zāo gāo.","Từ này là '糟糕' (hỏng bét, tệ quá)."
"Hán 2","Bài 29","第二十九课 我都做对了","成","chéng","thành","这个词是成。","Zhège cí shì chéng.","Từ này là '成' (thành)."
"Hán 2","Bài 29","第二十九课 我都做对了","回信","huí xìn","thư trả lời","这个词是回信。","Zhège cí shì huí xìn.","Từ này là '回信' (thư trả lời)."
"Hán 2","Bài 29","第二十九课 我都做对了","故事","gù shì","câu chuyện","这个词是故事。","Zhège cí shì gù shì.","Từ này là '故事' (câu chuyện)."
"Hán 2","Bài 29","第二十九课 我都做对了","有意思","yǒu yì si","thú vị","这个词是有意思。","Zhège cí shì yǒu yì si.","Từ này là '有意思' (thú vị)."
"Hán 2","Bài 29","第二十九课 我都做对了","页","yè","trang","这个词是页。","Zhège cí shì yè.","Từ này là '页' (trang)."
"Hán 2","Bài 29","第二十九课 我都做对了","笑","xiào","cười","这个词是笑。","Zhège cí shì xiào.","Từ này là '笑' (cười)."
"Hán 2","Bài 29","第二十九课 我都做对了","会话","huì huà","hội thoại","这个词是会话。","Zhège cí shì huì huà.","Từ này là '会话' (hội thoại)."
"Hán 2","Bài 29","第二十九课 我都做对了","念","niàn","đọc","这个词是念。","Zhège cí shì niàn.","Từ này là '念' (đọc)."
"Hán 2","Bài 29","第二十九课 我都做对了","答","dá","trả lời","这个词是答。","Zhège cí shì dá.","Từ này là '答' (trả lời)."
"Hán 2","Bài 29","第二十九课 我都做对了","办法","bàn fǎ","cách, biện pháp","这个词是办法。","Zhège cí shì bàn fǎ.","Từ này là '办法' (cách, biện pháp)."
"Hán 2","Bài 29","第二十九课 我都做对了","合上","hé shàng","gấp/đóng lại","这个词是合上。","Zhège cí shì hé shàng.","Từ này là '合上' (gấp/đóng lại)."
"Hán 2","Bài 29","第二十九课 我都做对了","听见","tīng jiàn","nghe thấy","这个词是听见。","Zhège cí shì tīng jiàn.","Từ này là '听见' (nghe thấy)."
"Hán 2","Bài 29","第二十九课 我都做对了","打开","dǎ kāi","mở ra","这个词是打开。","Zhège cí shì dǎ kāi.","Từ này là '打开' (mở ra)."
"Hán 2","Bài 29","第二十九课 我都做对了","作业","zuò yè","bài tập","这个词是作业。","Zhège cí shì zuò yè.","Từ này là '作业' (bài tập)."
"Hán 2","Bài 29","第二十九课 我都做对了","熟","shú","thuộc, quen","这个词是熟。","Zhège cí shì shú.","Từ này là '熟' (thuộc, quen)."
"Hán 2","Bài 29","第二十九课 我都做对了","再","zài","lại","这个词是再。","Zhège cí shì zài.","Từ này là '再' (lại)."
"Hán 2","Bài 29","第二十九课 我都做对了","于是","yú shì","thế là, vì vậy","这个词是于是。","Zhège cí shì yú shì.","Từ này là '于是' (thế là, vì vậy)."
"Hán 2","Bài 29","第二十九课 我都做对了","最好","zuì hǎo","tốt nhất","这个词是最好。","Zhège cí shì zuì hǎo.","Từ này là '最好' (tốt nhất)."
"Hán 2","Bài 29","第二十九课 我都做对了","安娜","ān nà","Anna","这个词是安娜。","Zhège cí shì ān nà.","Từ này là '安娜' (Anna)."
"Hán 2","Bài 30","第三十课 我来了两个多月了","生活","shēng huó","cuộc sống; sinh hoạt","这个词是生活。","Zhège cí shì shēng huó.","Từ này là '生活' (cuộc sống; sinh hoạt)."
"Hán 2","Bài 30","第三十课 我来了两个多月了","差不多","chàbuduō","gần như, xấp xỉ","这个词是差不多。","Zhège cí shì chàbuduō.","Từ này là '差不多' (gần như, xấp xỉ)."
"Hán 2","Bài 30","第三十课 我来了两个多月了","习惯","xí guàn","quen; thói quen","我已经习惯这儿的生活了。","Wǒ yǐjīng xíguàn zhèr de shēnghuó le.","Tôi đã quen với cuộc sống ở đây rồi."
"Hán 2","Bài 30","第三十课 我来了两个多月了","气候","qì hòu","khí hậu","这个词是气候。","Zhège cí shì qì hòu.","Từ này là '气候' (khí hậu)."
"Hán 2","Bài 30","第三十课 我来了两个多月了","干燥","gān zào","khô ráo","这个词是干燥。","Zhège cí shì gān zào.","Từ này là '干燥' (khô ráo)."
"Hán 2","Bài 30","第三十课 我来了两个多月了","干净","gān jìng","sạch sẽ","这个词是干净。","Zhège cí shì gān jìng.","Từ này là '干净' (sạch sẽ)."
"Hán 2","Bài 30","第三十课 我来了两个多月了","菜","cài","món ăn; rau","这个词是菜。","Zhège cí shì cài.","Từ này là '菜' (món ăn; rau)."
"Hán 2","Bài 30","第三十课 我来了两个多月了","油腻","yóu nì","nhiều dầu mỡ, ngấy","这个词是油腻。","Zhège cí shì yóu nì.","Từ này là '油腻' (nhiều dầu mỡ, ngấy)."
"Hán 2","Bài 30","第三十课 我来了两个多月了","牛奶","niú nǎi","sữa bò","这个词是牛奶。","Zhège cí shì niú nǎi.","Từ này là '牛奶' (sữa bò)."
"Hán 2","Bài 30","第三十课 我来了两个多月了","不过","bù guò","nhưng, có điều","这个词是不过。","Zhège cí shì bù guò.","Từ này là '不过' (nhưng, có điều)."
"Hán 2","Bài 30","第三十课 我来了两个多月了","课间","kè jiān","giờ ra chơi, giữa giờ","这个词是课间。","Zhège cí shì kè jiān.","Từ này là '课间' (giờ ra chơi, giữa giờ)."
"Hán 2","Bài 30","第三十课 我来了两个多月了","块","kuài","miếng; đồng","这个词是块。","Zhège cí shì kuài.","Từ này là '块' (miếng; đồng)."
"Hán 2","Bài 30","第三十课 我来了两个多月了","点心","diǎn xīn","điểm tâm, bánh ngọt","这个词是点心。","Zhège cí shì diǎn xīn.","Từ này là '点心' (điểm tâm, bánh ngọt)."
"Hán 2","Bài 30","第三十课 我来了两个多月了","从来","cóng lái","từ trước đến nay","这个词是从来。","Zhège cí shì cóng lái.","Từ này là '从来' (từ trước đến nay)."
"Hán 2","Bài 30","第三十课 我来了两个多月了","午觉","wǔ jiào","giấc ngủ trưa","这个词是午觉。","Zhège cí shì wǔ jiào.","Từ này là '午觉' (giấc ngủ trưa)."
"Hán 2","Bài 30","第三十课 我来了两个多月了","游泳","yóu yǒng","bơi","这个词是游泳。","Zhège cí shì yóu yǒng.","Từ này là '游泳' (bơi)."
"Hán 2","Bài 30","第三十课 我来了两个多月了","散步","sàn bù","đi dạo","这个词是散步。","Zhège cí shì sàn bù.","Từ này là '散步' (đi dạo)."
"Hán 2","Bài 30","第三十课 我来了两个多月了","功课","gōng kè","bài học, bài vở","这个词是功课。","Zhège cí shì gōng kè.","Từ này là '功课' (bài học, bài vở)."
"Hán 2","Bài 30","第三十课 我来了两个多月了","记住","jì zhù","nhớ kỹ","这个词是记住。","Zhège cí shì jì zhù.","Từ này là '记住' (nhớ kỹ)."
"Hán 2","Bài 30","第三十课 我来了两个多月了","一般","yì bān","thông thường, nói chung","这个词是一般。","Zhège cí shì yì bān.","Từ này là '一般' (thông thường, nói chung)."
"Hán 2","Bài 30","第三十课 我来了两个多月了","感谢","gǎn xiè","cảm ơn","这个词是感谢。","Zhège cí shì gǎn xiè.","Từ này là '感谢' (cảm ơn)."
"Hán 2","Bài 30","第三十课 我来了两个多月了","父母","fù mǔ","cha mẹ","这个词是父母。","Zhège cí shì fù mǔ.","Từ này là '父母' (cha mẹ)."
"Hán 2","Bài 30","第三十课 我来了两个多月了","机会","jī huì","cơ hội","这个词是机会。","Zhège cí shì jī huì.","Từ này là '机会' (cơ hội)."
"Hán 2","Bài 30","第三十课 我来了两个多月了","原来","yuán lái","vốn, thì ra","这个词是原来。","Zhège cí shì yuán lái.","Từ này là '原来' (vốn, thì ra)."
"Hán 2","Bài 30","第三十课 我来了两个多月了","延长","yán cháng","kéo dài","这个词是延长。","Zhège cí shì yán cháng.","Từ này là '延长' (kéo dài)."
"Hán 2","Bài 30","第三十课 我来了两个多月了","练","liàn","luyện","这个词是练。","Zhège cí shì liàn.","Từ này là '练' (luyện)."
"Hán 2","Bài 30","第三十课 我来了两个多月了","气功","qì gōng","khí công","这个词是气功。","Zhège cí shì qì gōng.","Từ này là '气功' (khí công)."
"Hán 2","Bài 30","第三十课 我来了两个多月了","好","hǎo","mấy, vài; tốt","这个词是好。","Zhège cí shì hǎo.","Từ này là '好' (mấy, vài; tốt)."
"Hán 2","Bài 30","第三十课 我来了两个多月了","不一定","bù yídìng","không nhất định","这个词是不一定。","Zhège cí shì bù yídìng.","Từ này là '不一定' (không nhất định)."
"Hán 2","Bài 30","第三十课 我来了两个多月了","钟头","zhōng tóu","giờ, tiếng đồng hồ","这个词是钟头。","Zhège cí shì zhōng tóu.","Từ này là '钟头' (giờ, tiếng đồng hồ)."
"Hán 2","Bài 30","第三十课 我来了两个多月了","效果","xiào guǒ","hiệu quả","这个词是效果。","Zhège cí shì xiào guǒ.","Từ này là '效果' (hiệu quả)."
"Hán 2","Bài 30","第三十课 我来了两个多月了","挺","tǐng","rất, khá","这个词是挺。","Zhège cí shì tǐng.","Từ này là '挺' (rất, khá)."
"Hán 2","Bài 30","第三十课 我来了两个多月了","好处","hǎo chù","chỗ tốt, lợi ích","这个词是好处。","Zhège cí shì hǎo chù.","Từ này là '好处' (chỗ tốt, lợi ích)."
"Hán 2","Bài 30","第三十课 我来了两个多月了","坏处","huài chù","chỗ xấu, tác hại","这个词是坏处。","Zhège cí shì huài chù.","Từ này là '坏处' (chỗ xấu, tác hại)."
"Hán 2","Bài 30","第三十课 我来了两个多月了","慢性病","màn xìng bìng","bệnh mãn tính","这个词是慢性病。","Zhège cí shì màn xìng bìng.","Từ này là '慢性病' (bệnh mãn tính)."
"Hán 2","Bài 30","第三十课 我来了两个多月了","高血压","gāo xuè yā","cao huyết áp","这个词是高血压。","Zhège cí shì gāo xuè yā.","Từ này là '高血压' (cao huyết áp)."
"Hán 2","Bài 30","第三十课 我来了两个多月了","失眠","shī mián","mất ngủ","这个词是失眠。","Zhège cí shì shī mián.","Từ này là '失眠' (mất ngủ)."
"Hán 2","Bài 30","第三十课 我来了两个多月了","必须","bì xū","phải, nhất định phải","这个词是必须。","Zhège cí shì bì xū.","Từ này là '必须' (phải, nhất định phải)."
"Hán 2","Bài 30","第三十课 我来了两个多月了","打鱼","dǎ yú","đánh cá","这个词是打鱼。","Zhège cí shì dǎ yú.","Từ này là '打鱼' (đánh cá)."
"Hán 2","Bài 30","第三十课 我来了两个多月了","晒","shài","phơi, hong","这个词是晒。","Zhège cí shì shài.","Từ này là '晒' (phơi, hong)."
"Hán 2","Bài 30","第三十课 我来了两个多月了","怕","pà","sợ","这个词是怕。","Zhège cí shì pà.","Từ này là '怕' (sợ)."
"Hán 2","Bài 30","第三十课 我来了两个多月了","涂","tú","sơn, bôi","这个词是涂。","Zhège cí shì tú.","Từ này là '涂' (sơn, bôi)."
"Hán 2","Bài 30","第三十课 我来了两个多月了","油漆","yóu qī","sơn","这个词是油漆。","Zhège cí shì yóu qī.","Từ này là '油漆' (sơn)."
"Hán 2","Bài 30","第三十课 我来了两个多月了","裤子","kù zi","quần","这个词是裤子。","Zhège cí shì kù zi.","Từ này là '裤子' (quần)."
